Date,Time,Trade No.,Price,Effect,Legs
1/2/2013,2:45:00 PM CST,1,0.47,debit,"buy to open 1 x $150 call exp. 2/16/2013 (45 DTE); sell to open 1 x $152 call exp. 2/16/2013 (45 DTE)"
1/22/2013,2:45:00 PM CST,1,0.77,credit,"sell to close 1 x $150 call exp. 2/16/2013 (25 DTE); buy to close 1 x $152 call exp. 2/16/2013 (25 DTE)"
1/22/2013,2:45:00 PM CST,2,0.84,debit,"buy to open 1 x $152 call exp. 3/16/2013 (53 DTE); sell to open 1 x $155 call exp. 3/16/2013 (53 DTE)"
2/12/2013,2:45:00 PM CST,2,1.31,credit,"sell to close 1 x $152 call exp. 3/16/2013 (32 DTE); buy to close 1 x $155 call exp. 3/16/2013 (32 DTE)"
2/12/2013,2:45:00 PM CST,3,0.49,debit,"buy to open 1 x $155 call exp. 3/28/2013 (44 DTE); sell to open 1 x $157 call exp. 3/28/2013 (44 DTE)"
3/6/2013,2:45:00 PM CST,3,0.68,credit,"sell to close 1 x $155 call exp. 3/28/2013 (22 DTE); buy to close 1 x $157 call exp. 3/28/2013 (22 DTE)"
3/6/2013,2:45:00 PM CST,4,0.7,debit,"buy to open 1 x $157 call exp. 4/20/2013 (45 DTE); sell to open 1 x $160 call exp. 4/20/2013 (45 DTE)"
3/28/2013,2:45:00 PM CDT,4,1.17,credit,"sell to close 1 x $157 call exp. 4/20/2013 (23 DTE); buy to close 1 x $160 call exp. 4/20/2013 (23 DTE)"
3/28/2013,2:45:00 PM CDT,5,0.77,debit,"buy to open 1 x $160 call exp. 5/18/2013 (51 DTE); sell to open 1 x $163 call exp. 5/18/2013 (51 DTE)"
4/29/2013,2:45:00 PM CDT,5,1.01,credit,"sell to close 1 x $160 call exp. 5/18/2013 (19 DTE); buy to close 1 x $163 call exp. 5/18/2013 (19 DTE)"
4/29/2013,2:45:00 PM CDT,6,0.74,debit,"buy to open 1 x $163 call exp. 6/22/2013 (54 DTE); sell to open 1 x $166 call exp. 6/22/2013 (54 DTE)"
5/7/2013,2:45:00 PM CDT,6,1.3,credit,"sell to close 1 x $163 call exp. 6/22/2013 (46 DTE); buy to close 1 x $166 call exp. 6/22/2013 (46 DTE)"
5/7/2013,2:45:00 PM CDT,7,0.5,debit,"buy to open 1 x $166 call exp. 6/22/2013 (46 DTE); sell to open 1 x $168 call exp. 6/22/2013 (46 DTE)"
5/14/2013,2:45:00 PM CDT,7,0.85,credit,"sell to close 1 x $166 call exp. 6/22/2013 (39 DTE); buy to close 1 x $168 call exp. 6/22/2013 (39 DTE)"
5/14/2013,2:45:00 PM CDT,8,0.59,debit,"buy to open 1 x $169 call exp. 6/28/2013 (45 DTE); sell to open 1 x $172 call exp. 6/28/2013 (45 DTE)"
6/7/2013,2:45:00 PM CDT,8,0.21,credit,"sell to close 1 x $169 call exp. 6/28/2013 (21 DTE); buy to close 1 x $172 call exp. 6/28/2013 (21 DTE)"
6/7/2013,2:45:00 PM CDT,9,1.1,debit,"buy to open 1 x $167 call exp. 7/20/2013 (43 DTE); sell to open 1 x $171 call exp. 7/20/2013 (43 DTE)"
7/1/2013,2:45:00 PM CDT,9,0.13,credit,"sell to close 1 x $167 call exp. 7/20/2013 (19 DTE); buy to close 1 x $171 call exp. 7/20/2013 (19 DTE)"
7/1/2013,2:45:00 PM CDT,10,0.76,debit,"buy to open 1 x $166 call exp. 8/17/2013 (47 DTE); sell to open 1 x $169 call exp. 8/17/2013 (47 DTE)"
7/9/2013,2:45:00 PM CDT,10,1.26,credit,"sell to close 1 x $166 call exp. 8/17/2013 (39 DTE); buy to close 1 x $169 call exp. 8/17/2013 (39 DTE)"
7/9/2013,2:45:00 PM CDT,11,0.66,debit,"buy to open 1 x $169 call exp. 8/17/2013 (39 DTE); sell to open 1 x $172 call exp. 8/17/2013 (39 DTE)"
7/11/2013,2:45:00 PM CDT,11,1.09,credit,"sell to close 1 x $169 call exp. 8/17/2013 (37 DTE); buy to close 1 x $172 call exp. 8/17/2013 (37 DTE)"
7/11/2013,2:45:00 PM CDT,12,0.71,debit,"buy to open 1 x $171 call exp. 8/17/2013 (37 DTE); sell to open 1 x $174 call exp. 8/17/2013 (37 DTE)"
7/29/2013,2:45:00 PM CDT,12,0.53,credit,"sell to close 1 x $171 call exp. 8/17/2013 (19 DTE); buy to close 1 x $174 call exp. 8/17/2013 (19 DTE)"
7/29/2013,2:45:00 PM CDT,13,1.08,debit,"buy to open 1 x $172 call exp. 9/21/2013 (54 DTE); sell to open 1 x $176 call exp. 9/21/2013 (54 DTE)"
9/3/2013,2:45:00 PM CDT,13,0.06,credit,"sell to close 1 x $172 call exp. 9/21/2013 (18 DTE); buy to close 1 x $176 call exp. 9/21/2013 (18 DTE)"
9/3/2013,2:45:00 PM CDT,14,1.04,debit,"buy to open 1 x $168 call exp. 10/19/2013 (46 DTE); sell to open 1 x $172 call exp. 10/19/2013 (46 DTE)"
9/10/2013,2:45:00 PM CDT,14,1.86,credit,"sell to close 1 x $168 call exp. 10/19/2013 (39 DTE); buy to close 1 x $172 call exp. 10/19/2013 (39 DTE)"
9/10/2013,2:45:00 PM CDT,15,0.89,debit,"buy to open 1 x $171 call exp. 10/19/2013 (39 DTE); sell to open 1 x $174 call exp. 10/19/2013 (39 DTE)"
9/18/2013,2:45:00 PM CDT,15,1.68,credit,"sell to close 1 x $171 call exp. 10/19/2013 (31 DTE); buy to close 1 x $174 call exp. 10/19/2013 (31 DTE)"
9/18/2013,2:45:00 PM CDT,16,0.74,debit,"buy to open 1 x $177 call exp. 11/16/2013 (59 DTE); sell to open 1 x $180 call exp. 11/16/2013 (59 DTE)"
10/28/2013,2:45:00 PM CDT,16,0.98,credit,"sell to close 1 x $177 call exp. 11/16/2013 (19 DTE); buy to close 1 x $180 call exp. 11/16/2013 (19 DTE)"
10/28/2013,2:45:00 PM CDT,17,0.93,debit,"buy to open 1 x $180 call exp. 12/21/2013 (54 DTE); sell to open 1 x $184 call exp. 12/21/2013 (54 DTE)"
11/14/2013,2:45:00 PM CST,17,1.43,credit,"sell to close 1 x $180 call exp. 12/21/2013 (37 DTE); buy to close 1 x $184 call exp. 12/21/2013 (37 DTE)"
11/14/2013,2:45:00 PM CST,18,0.81,debit,"buy to open 1 x $182 call exp. 12/31/2013 (47 DTE); sell to open 1 x $185 call exp. 12/31/2013 (47 DTE)"
12/10/2013,2:45:00 PM CST,18,0.75,credit,"sell to close 1 x $182 call exp. 12/31/2013 (21 DTE); buy to close 1 x $185 call exp. 12/31/2013 (21 DTE)"
12/10/2013,2:45:00 PM CST,19,0.82,debit,"buy to open 1 x $183 call exp. 1/18/2014 (39 DTE); sell to open 1 x $186 call exp. 1/18/2014 (39 DTE)"
12/24/2013,2:45:00 PM CST,19,1.31,credit,"sell to close 1 x $183 call exp. 1/18/2014 (25 DTE); buy to close 1 x $186 call exp. 1/18/2014 (25 DTE)"
12/24/2013,2:45:00 PM CST,20,0.48,debit,"buy to open 1 x $186 call exp. 1/24/2014 (31 DTE); sell to open 1 x $188 call exp. 1/24/2014 (31 DTE)"
12/31/2013,2:45:00 PM CST,20,0.76,credit,"sell to close 1 x $186 call exp. 1/24/2014 (24 DTE); buy to close 1 x $188 call exp. 1/24/2014 (24 DTE)"
12/31/2013,2:45:00 PM CST,21,0.95,debit,"buy to open 1 x $189 call exp. 2/22/2014 (53 DTE); sell to open 1 x $193 call exp. 2/22/2014 (53 DTE)"
2/3/2014,2:45:00 PM CST,21,0.01,credit,"sell to close 1 x $189 call exp. 2/22/2014 (19 DTE); buy to close 1 x $193 call exp. 2/22/2014 (19 DTE)"
2/3/2014,2:45:00 PM CST,22,1.22,debit,"buy to open 1 x $179 call exp. 3/22/2014 (47 DTE); sell to open 1 x $184 call exp. 3/22/2014 (47 DTE)"
2/7/2014,2:45:00 PM CST,22,2.43,credit,"sell to close 1 x $179 call exp. 3/22/2014 (43 DTE); buy to close 1 x $184 call exp. 3/22/2014 (43 DTE)"
2/7/2014,2:45:00 PM CST,23,1.06,debit,"buy to open 1 x $183 call exp. 3/22/2014 (43 DTE); sell to open 1 x $187 call exp. 3/22/2014 (43 DTE)"
2/13/2014,2:45:00 PM CST,23,1.73,credit,"sell to close 1 x $183 call exp. 3/22/2014 (37 DTE); buy to close 1 x $187 call exp. 3/22/2014 (37 DTE)"
2/13/2014,2:45:00 PM CST,24,0.99,debit,"buy to open 1 x $186 call exp. 3/31/2014 (46 DTE); sell to open 1 x $190 call exp. 3/31/2014 (46 DTE)"
2/27/2014,2:45:00 PM CST,24,1.58,credit,"sell to close 1 x $186 call exp. 3/31/2014 (32 DTE); buy to close 1 x $190 call exp. 3/31/2014 (32 DTE)"
2/27/2014,2:45:00 PM CST,25,0.75,debit,"buy to open 1 x $189 call exp. 4/11/2014 (43 DTE); sell to open 1 x $192 call exp. 4/11/2014 (43 DTE)"
3/7/2014,2:45:00 PM CST,25,1.17,credit,"sell to close 1 x $189 call exp. 4/11/2014 (35 DTE); buy to close 1 x $192 call exp. 4/11/2014 (35 DTE)"
3/7/2014,2:45:00 PM CST,26,0.83,debit,"buy to open 1 x $191 call exp. 4/19/2014 (43 DTE); sell to open 1 x $194 call exp. 4/19/2014 (43 DTE)"
3/31/2014,2:45:00 PM CDT,26,0.22,credit,"sell to close 1 x $191 call exp. 4/19/2014 (19 DTE); buy to close 1 x $194 call exp. 4/19/2014 (19 DTE)"
3/31/2014,2:45:00 PM CDT,27,0.78,debit,"buy to open 1 x $191 call exp. 5/17/2014 (47 DTE); sell to open 1 x $194 call exp. 5/17/2014 (47 DTE)"
4/28/2014,2:45:00 PM CDT,27,0.34,credit,"sell to close 1 x $191 call exp. 5/17/2014 (19 DTE); buy to close 1 x $194 call exp. 5/17/2014 (19 DTE)"
4/28/2014,2:45:00 PM CDT,28,0.84,debit,"buy to open 1 x $190.5 call exp. 6/6/2014 (39 DTE); sell to open 1 x $193.5 call exp. 6/6/2014 (39 DTE)"
5/16/2014,2:45:00 PM CDT,28,0.58,credit,"sell to close 1 x $190.5 call exp. 6/6/2014 (21 DTE); buy to close 1 x $193.5 call exp. 6/6/2014 (21 DTE)"
5/16/2014,2:45:00 PM CDT,29,0.83,debit,"buy to open 1 x $191 call exp. 6/30/2014 (45 DTE); sell to open 1 x $194 call exp. 6/30/2014 (45 DTE)"
5/27/2014,2:45:00 PM CDT,29,1.45,credit,"sell to close 1 x $191 call exp. 6/30/2014 (34 DTE); buy to close 1 x $194 call exp. 6/30/2014 (34 DTE)"
5/27/2014,2:45:00 PM CDT,30,0.88,debit,"buy to open 1 x $194 call exp. 7/19/2014 (53 DTE); sell to open 1 x $197 call exp. 7/19/2014 (53 DTE)"
6/5/2014,2:45:00 PM CDT,30,1.41,credit,"sell to close 1 x $194 call exp. 7/19/2014 (44 DTE); buy to close 1 x $197 call exp. 7/19/2014 (44 DTE)"
6/5/2014,2:45:00 PM CDT,31,0.76,debit,"buy to open 1 x $197 call exp. 7/19/2014 (44 DTE); sell to open 1 x $200 call exp. 7/19/2014 (44 DTE)"
6/30/2014,2:45:00 PM CDT,31,0.77,credit,"sell to close 1 x $197 call exp. 7/19/2014 (19 DTE); buy to close 1 x $200 call exp. 7/19/2014 (19 DTE)"
6/30/2014,2:45:00 PM CDT,32,0.35,debit,"buy to open 1 x $199 call exp. 8/16/2014 (47 DTE); sell to open 1 x $200 call exp. 8/16/2014 (47 DTE)"
7/28/2014,2:45:00 PM CDT,32,0.42,credit,"sell to close 1 x $199 call exp. 8/16/2014 (19 DTE); buy to close 1 x $200 call exp. 8/16/2014 (19 DTE)"
7/28/2014,2:45:00 PM CDT,33,1.33,debit,"buy to open 1 x $200 call exp. 9/5/2014 (39 DTE); sell to open 1 x $205 call exp. 9/5/2014 (39 DTE)"
8/15/2014,2:45:00 PM CDT,33,0.22,credit,"sell to close 1 x $200 call exp. 9/5/2014 (21 DTE); buy to close 1 x $205 call exp. 9/5/2014 (21 DTE)"
8/15/2014,2:45:00 PM CDT,34,0.35,debit,"buy to open 1 x $199 call exp. 9/30/2014 (46 DTE); sell to open 1 x $200 call exp. 9/30/2014 (46 DTE)"
8/21/2014,2:45:00 PM CDT,34,0.59,credit,"sell to close 1 x $199 call exp. 9/30/2014 (40 DTE); buy to close 1 x $200 call exp. 9/30/2014 (40 DTE)"
8/21/2014,2:45:00 PM CDT,35,0.62,debit,"buy to open 1 x $202.5 call exp. 10/3/2014 (43 DTE); sell to open 1 x $205 call exp. 10/3/2014 (43 DTE)"
9/12/2014,2:45:00 PM CDT,35,0.23,credit,"sell to close 1 x $202.5 call exp. 10/3/2014 (21 DTE); buy to close 1 x $205 call exp. 10/3/2014 (21 DTE)"
9/12/2014,2:45:00 PM CDT,36,0.9,debit,"buy to open 1 x $201.5 call exp. 10/24/2014 (42 DTE); sell to open 1 x $204.5 call exp. 10/24/2014 (42 DTE)"
10/3/2014,2:45:00 PM CDT,36,0.3,credit,"sell to close 1 x $201.5 call exp. 10/24/2014 (21 DTE); buy to close 1 x $204.5 call exp. 10/24/2014 (21 DTE)"
10/3/2014,2:45:00 PM CDT,37,0.9,debit,"buy to open 1 x $200.5 call exp. 11/14/2014 (42 DTE); sell to open 1 x $203.5 call exp. 11/14/2014 (42 DTE)"
10/24/2014,2:45:00 PM CDT,37,0.55,credit,"sell to close 1 x $200.5 call exp. 11/14/2014 (21 DTE); buy to close 1 x $203.5 call exp. 11/14/2014 (21 DTE)"
10/24/2014,2:45:00 PM CDT,38,0.96,debit,"buy to open 1 x $201 call exp. 12/5/2014 (42 DTE); sell to open 1 x $204.5 call exp. 12/5/2014 (42 DTE)"
10/31/2014,2:45:00 PM CDT,38,1.87,credit,"sell to close 1 x $201 call exp. 12/5/2014 (35 DTE); buy to close 1 x $204.5 call exp. 12/5/2014 (35 DTE)"
10/31/2014,2:45:00 PM CDT,39,1,debit,"buy to open 1 x $206 call exp. 12/12/2014 (42 DTE); sell to open 1 x $210 call exp. 12/12/2014 (42 DTE)"
11/21/2014,2:45:00 PM CST,39,1.74,credit,"sell to close 1 x $206 call exp. 12/12/2014 (21 DTE); buy to close 1 x $210 call exp. 12/12/2014 (21 DTE)"
11/21/2014,2:45:00 PM CST,40,0.81,debit,"buy to open 1 x $209 call exp. 1/2/2015 (42 DTE); sell to open 1 x $212 call exp. 1/2/2015 (42 DTE)"
12/12/2014,2:45:00 PM CST,40,0.18,credit,"sell to close 1 x $209 call exp. 1/2/2015 (21 DTE); buy to close 1 x $212 call exp. 1/2/2015 (21 DTE)"
12/12/2014,2:45:00 PM CST,41,1.12,debit,"buy to open 1 x $206 call exp. 1/23/2015 (42 DTE); sell to open 1 x $210 call exp. 1/23/2015 (42 DTE)"
12/18/2014,2:45:00 PM CST,41,1.9,credit,"sell to close 1 x $206 call exp. 1/23/2015 (36 DTE); buy to close 1 x $210 call exp. 1/23/2015 (36 DTE)"
12/18/2014,2:45:00 PM CST,42,1.27,debit,"buy to open 1 x $210 call exp. 1/30/2015 (43 DTE); sell to open 1 x $215 call exp. 1/30/2015 (43 DTE)"
1/9/2015,2:45:00 PM CST,42,0.39,credit,"sell to close 1 x $210 call exp. 1/30/2015 (21 DTE); buy to close 1 x $215 call exp. 1/30/2015 (21 DTE)"
1/9/2015,2:45:00 PM CST,43,0.98,debit,"buy to open 1 x $210 call exp. 2/20/2015 (42 DTE); sell to open 1 x $214 call exp. 2/20/2015 (42 DTE)"
1/30/2015,2:45:00 PM CST,43,0.12,credit,"sell to close 1 x $210 call exp. 2/20/2015 (21 DTE); buy to close 1 x $214 call exp. 2/20/2015 (21 DTE)"
1/30/2015,2:45:00 PM CST,44,1.26,debit,"buy to open 1 x $205.5 call exp. 3/13/2015 (42 DTE); sell to open 1 x $210 call exp. 3/13/2015 (42 DTE)"
2/3/2015,2:45:00 PM CST,44,2.15,credit,"sell to close 1 x $205.5 call exp. 3/13/2015 (38 DTE); buy to close 1 x $210 call exp. 3/13/2015 (38 DTE)"
2/3/2015,2:45:00 PM CST,45,0.86,debit,"buy to open 1 x $210 call exp. 3/20/2015 (45 DTE); sell to open 1 x $213 call exp. 3/20/2015 (45 DTE)"
2/12/2015,2:45:00 PM CST,45,1.4,credit,"sell to close 1 x $210 call exp. 3/20/2015 (36 DTE); buy to close 1 x $213 call exp. 3/20/2015 (36 DTE)"
2/12/2015,2:45:00 PM CST,46,1.11,debit,"buy to open 1 x $213 call exp. 3/31/2015 (47 DTE); sell to open 1 x $217 call exp. 3/31/2015 (47 DTE)"
3/10/2015,2:45:00 PM CDT,46,0.09,credit,"sell to close 1 x $213 call exp. 3/31/2015 (21 DTE); buy to close 1 x $217 call exp. 3/31/2015 (21 DTE)"
3/10/2015,2:45:00 PM CDT,47,1.03,debit,"buy to open 1 x $209 call exp. 4/24/2015 (45 DTE); sell to open 1 x $212.5 call exp. 4/24/2015 (45 DTE)"
3/18/2015,2:45:00 PM CDT,47,1.96,credit,"sell to close 1 x $209 call exp. 4/24/2015 (37 DTE); buy to close 1 x $212.5 call exp. 4/24/2015 (37 DTE)"
3/18/2015,2:45:00 PM CDT,48,0.9,debit,"buy to open 1 x $214 call exp. 5/1/2015 (44 DTE); sell to open 1 x $217 call exp. 5/1/2015 (44 DTE)"
4/10/2015,2:45:00 PM CDT,48,0.29,credit,"sell to close 1 x $214 call exp. 5/1/2015 (21 DTE); buy to close 1 x $217 call exp. 5/1/2015 (21 DTE)"
4/10/2015,2:45:00 PM CDT,49,0.95,debit,"buy to open 1 x $213.5 call exp. 5/22/2015 (42 DTE); sell to open 1 x $216.5 call exp. 5/22/2015 (42 DTE)"
5/1/2015,2:45:00 PM CDT,49,0.67,credit,"sell to close 1 x $213.5 call exp. 5/22/2015 (21 DTE); buy to close 1 x $216.5 call exp. 5/22/2015 (21 DTE)"
5/1/2015,2:45:00 PM CDT,50,0.9,debit,"buy to open 1 x $214.5 call exp. 6/12/2015 (42 DTE); sell to open 1 x $217.5 call exp. 6/12/2015 (42 DTE)"
5/22/2015,2:45:00 PM CDT,50,0.9,credit,"sell to close 1 x $214.5 call exp. 6/12/2015 (21 DTE); buy to close 1 x $217.5 call exp. 6/12/2015 (21 DTE)"
5/22/2015,2:45:00 PM CDT,51,0.74,debit,"buy to open 1 x $216 call exp. 7/2/2015 (41 DTE); sell to open 1 x $218.5 call exp. 7/2/2015 (41 DTE)"
6/11/2015,2:45:00 PM CDT,51,0.15,credit,"sell to close 1 x $216 call exp. 7/2/2015 (21 DTE); buy to close 1 x $218.5 call exp. 7/2/2015 (21 DTE)"
6/11/2015,2:45:00 PM CDT,52,0.85,debit,"buy to open 1 x $214.5 call exp. 7/24/2015 (43 DTE); sell to open 1 x $217.5 call exp. 7/24/2015 (43 DTE)"
7/6/2015,2:45:00 PM CDT,52,0.1,credit,"sell to close 1 x $214.5 call exp. 7/24/2015 (18 DTE); buy to close 1 x $217.5 call exp. 7/24/2015 (18 DTE)"
7/6/2015,2:45:00 PM CDT,53,1.2,debit,"buy to open 1 x $212 call exp. 8/21/2015 (46 DTE); sell to open 1 x $216 call exp. 8/21/2015 (46 DTE)"
7/16/2015,2:45:00 PM CDT,53,2,credit,"sell to close 1 x $212 call exp. 8/21/2015 (36 DTE); buy to close 1 x $216 call exp. 8/21/2015 (36 DTE)"
7/16/2015,2:45:00 PM CDT,54,0.84,debit,"buy to open 1 x $216 call exp. 8/28/2015 (43 DTE); sell to open 1 x $219 call exp. 8/28/2015 (43 DTE)"
8/7/2015,2:45:00 PM CDT,54,0.04,credit,"sell to close 1 x $216 call exp. 8/28/2015 (21 DTE); buy to close 1 x $219 call exp. 8/28/2015 (21 DTE)"
8/7/2015,2:45:00 PM CDT,55,0.87,debit,"buy to open 1 x $212 call exp. 9/18/2015 (42 DTE); sell to open 1 x $215 call exp. 9/18/2015 (42 DTE)"
8/28/2015,2:45:00 PM CDT,55,0.09,credit,"sell to close 1 x $212 call exp. 9/18/2015 (21 DTE); buy to close 1 x $215 call exp. 9/18/2015 (21 DTE)"
8/28/2015,2:45:00 PM CDT,56,1.49,debit,"buy to open 1 x $205 call exp. 10/9/2015 (42 DTE); sell to open 1 x $210 call exp. 10/9/2015 (42 DTE)"
9/18/2015,2:45:00 PM CDT,56,0.24,credit,"sell to close 1 x $205 call exp. 10/9/2015 (21 DTE); buy to close 1 x $210 call exp. 10/9/2015 (21 DTE)"
9/18/2015,2:45:00 PM CDT,57,1.2,debit,"buy to open 1 x $202 call exp. 10/30/2015 (42 DTE); sell to open 1 x $206 call exp. 10/30/2015 (42 DTE)"
10/9/2015,2:45:00 PM CDT,57,1.64,credit,"sell to close 1 x $202 call exp. 10/30/2015 (21 DTE); buy to close 1 x $206 call exp. 10/30/2015 (21 DTE)"
10/9/2015,2:45:00 PM CDT,58,0.8,debit,"buy to open 1 x $207 call exp. 11/20/2015 (42 DTE); sell to open 1 x $210 call exp. 11/20/2015 (42 DTE)"
10/23/2015,2:45:00 PM CDT,58,1.62,credit,"sell to close 1 x $207 call exp. 11/20/2015 (28 DTE); buy to close 1 x $210 call exp. 11/20/2015 (28 DTE)"
10/23/2015,2:45:00 PM CDT,59,0.83,debit,"buy to open 1 x $212 call exp. 12/4/2015 (42 DTE); sell to open 1 x $215 call exp. 12/4/2015 (42 DTE)"
11/3/2015,2:45:00 PM CST,59,1.45,credit,"sell to close 1 x $212 call exp. 12/4/2015 (31 DTE); buy to close 1 x $215 call exp. 12/4/2015 (31 DTE)"
11/30/2015,2:45:00 PM CST,60,0.92,debit,"buy to open 1 x $213 call exp. 1/15/2016 (46 DTE); sell to open 1 x $216 call exp. 1/15/2016 (46 DTE)"
12/28/2015,2:45:00 PM CST,60,0.08,credit,"sell to close 1 x $213 call exp. 1/15/2016 (18 DTE); buy to close 1 x $216 call exp. 1/15/2016 (18 DTE)"
12/28/2015,2:45:00 PM CST,61,1.11,debit,"buy to open 1 x $210 call exp. 2/5/2016 (39 DTE); sell to open 1 x $214 call exp. 2/5/2016 (39 DTE)"
1/15/2016,2:45:00 PM CST,61,0.01,debit,"sell to close 1 x $210 call exp. 2/5/2016 (21 DTE); buy to close 1 x $214 call exp. 2/5/2016 (21 DTE)"
1/15/2016,2:45:00 PM CST,62,1.58,debit,"buy to open 1 x $194.5 call exp. 2/26/2016 (42 DTE); sell to open 1 x $200 call exp. 2/26/2016 (42 DTE)"
2/5/2016,2:45:00 PM CST,62,0.82,credit,"sell to close 1 x $194.5 call exp. 2/26/2016 (21 DTE); buy to close 1 x $200 call exp. 2/26/2016 (21 DTE)"
2/5/2016,2:45:00 PM CST,63,1.7,debit,"buy to open 1 x $194 call exp. 3/24/2016 (48 DTE); sell to open 1 x $200 call exp. 3/24/2016 (48 DTE)"
2/22/2016,2:45:00 PM CST,63,2.82,credit,"sell to close 1 x $194 call exp. 3/24/2016 (31 DTE); buy to close 1 x $200 call exp. 3/24/2016 (31 DTE)"
2/22/2016,2:45:00 PM CST,64,1.18,debit,"buy to open 1 x $199 call exp. 4/1/2016 (39 DTE); sell to open 1 x $203 call exp. 4/1/2016 (39 DTE)"
3/3/2016,2:45:00 PM CST,64,2,credit,"sell to close 1 x $199 call exp. 4/1/2016 (29 DTE); buy to close 1 x $203 call exp. 4/1/2016 (29 DTE)"
3/3/2016,2:45:00 PM CST,65,1.1,debit,"buy to open 1 x $204 call exp. 4/15/2016 (43 DTE); sell to open 1 x $208 call exp. 4/15/2016 (43 DTE)"
3/17/2016,2:45:00 PM CDT,65,1.74,credit,"sell to close 1 x $204 call exp. 4/15/2016 (29 DTE); buy to close 1 x $208 call exp. 4/15/2016 (29 DTE)"
3/17/2016,2:45:00 PM CDT,66,0.88,debit,"buy to open 1 x $208 call exp. 4/29/2016 (43 DTE); sell to open 1 x $211 call exp. 4/29/2016 (43 DTE)"
4/8/2016,2:45:00 PM CDT,66,0.65,credit,"sell to close 1 x $208 call exp. 4/29/2016 (21 DTE); buy to close 1 x $211 call exp. 4/29/2016 (21 DTE)"
4/8/2016,2:45:00 PM CDT,67,1.12,debit,"buy to open 1 x $209 call exp. 5/20/2016 (42 DTE); sell to open 1 x $213 call exp. 5/20/2016 (42 DTE)"
4/13/2016,2:45:00 PM CDT,67,1.76,credit,"sell to close 1 x $209 call exp. 5/20/2016 (37 DTE); buy to close 1 x $213 call exp. 5/20/2016 (37 DTE)"
4/13/2016,2:45:00 PM CDT,68,0.95,debit,"buy to open 1 x $212.5 call exp. 5/27/2016 (44 DTE); sell to open 1 x $216 call exp. 5/27/2016 (44 DTE)"
5/6/2016,2:45:00 PM CDT,68,0.16,credit,"sell to close 1 x $212.5 call exp. 5/27/2016 (21 DTE); buy to close 1 x $216 call exp. 5/27/2016 (21 DTE)"
5/6/2016,2:45:00 PM CDT,69,1.06,debit,"buy to open 1 x $210 call exp. 6/17/2016 (42 DTE); sell to open 1 x $214 call exp. 6/17/2016 (42 DTE)"
5/27/2016,2:45:00 PM CDT,69,1.59,credit,"sell to close 1 x $210 call exp. 6/17/2016 (21 DTE); buy to close 1 x $214 call exp. 6/17/2016 (21 DTE)"
5/27/2016,2:45:00 PM CDT,70,0.87,debit,"buy to open 1 x $213 call exp. 7/8/2016 (42 DTE); sell to open 1 x $216 call exp. 7/8/2016 (42 DTE)"
6/17/2016,2:45:00 PM CDT,70,0.4,credit,"sell to close 1 x $213 call exp. 7/8/2016 (21 DTE); buy to close 1 x $216 call exp. 7/8/2016 (21 DTE)"
6/17/2016,2:45:00 PM CDT,71,1.12,debit,"buy to open 1 x $212 call exp. 7/29/2016 (42 DTE); sell to open 1 x $215.5 call exp. 7/29/2016 (42 DTE)"
7/8/2016,2:45:00 PM CDT,71,1.8,credit,"sell to close 1 x $212 call exp. 7/29/2016 (21 DTE); buy to close 1 x $215.5 call exp. 7/29/2016 (21 DTE)"
7/8/2016,2:45:00 PM CDT,72,0.77,debit,"buy to open 1 x $217 call exp. 8/19/2016 (42 DTE); sell to open 1 x $220 call exp. 8/19/2016 (42 DTE)"
7/14/2016,2:45:00 PM CDT,72,1.32,credit,"sell to close 1 x $217 call exp. 8/19/2016 (36 DTE); buy to close 1 x $220 call exp. 8/19/2016 (36 DTE)"
7/14/2016,2:45:00 PM CDT,73,0.96,debit,"buy to open 1 x $220 call exp. 8/26/2016 (43 DTE); sell to open 1 x $224 call exp. 8/26/2016 (43 DTE)"
8/5/2016,2:45:00 PM CDT,73,0.77,credit,"sell to close 1 x $220 call exp. 8/26/2016 (21 DTE); buy to close 1 x $224 call exp. 8/26/2016 (21 DTE)"
8/5/2016,2:45:00 PM CDT,74,0.83,debit,"buy to open 1 x $221 call exp. 9/16/2016 (42 DTE); sell to open 1 x $224 call exp. 9/16/2016 (42 DTE)"
8/26/2016,2:45:00 PM CDT,74,0.32,credit,"sell to close 1 x $221 call exp. 9/16/2016 (21 DTE); buy to close 1 x $224 call exp. 9/16/2016 (21 DTE)"
8/26/2016,2:45:00 PM CDT,75,0.76,debit,"buy to open 1 x $220.5 call exp. 10/7/2016 (42 DTE); sell to open 1 x $223 call exp. 10/7/2016 (42 DTE)"
9/16/2016,2:45:00 PM CDT,75,0.15,credit,"sell to close 1 x $220.5 call exp. 10/7/2016 (21 DTE); buy to close 1 x $223 call exp. 10/7/2016 (21 DTE)"
9/16/2016,2:45:00 PM CDT,76,1.11,debit,"buy to open 1 x $218 call exp. 10/28/2016 (42 DTE); sell to open 1 x $221.5 call exp. 10/28/2016 (42 DTE)"
10/7/2016,2:45:00 PM CDT,76,0.72,credit,"sell to close 1 x $218 call exp. 10/28/2016 (21 DTE); buy to close 1 x $221.5 call exp. 10/28/2016 (21 DTE)"
10/7/2016,2:45:00 PM CDT,77,0.88,debit,"buy to open 1 x $220 call exp. 11/18/2016 (42 DTE); sell to open 1 x $223 call exp. 11/18/2016 (42 DTE)"
10/28/2016,2:45:00 PM CDT,77,0.22,credit,"sell to close 1 x $220 call exp. 11/18/2016 (21 DTE); buy to close 1 x $223 call exp. 11/18/2016 (21 DTE)"
10/28/2016,2:45:00 PM CDT,78,1.05,debit,"buy to open 1 x $217.5 call exp. 12/9/2016 (42 DTE); sell to open 1 x $221 call exp. 12/9/2016 (42 DTE)"
11/10/2016,2:45:00 PM CST,78,1.63,credit,"sell to close 1 x $217.5 call exp. 12/9/2016 (29 DTE); buy to close 1 x $221 call exp. 12/9/2016 (29 DTE)"
11/10/2016,2:45:00 PM CST,79,0.96,debit,"buy to open 1 x $221 call exp. 12/23/2016 (43 DTE); sell to open 1 x $224.5 call exp. 12/23/2016 (43 DTE)"
11/22/2016,2:45:00 PM CST,79,1.48,credit,"sell to close 1 x $221 call exp. 12/23/2016 (31 DTE); buy to close 1 x $224.5 call exp. 12/23/2016 (31 DTE)"
11/22/2016,2:45:00 PM CST,80,0.53,debit,"buy to open 1 x $224 call exp. 12/30/2016 (38 DTE); sell to open 1 x $226 call exp. 12/30/2016 (38 DTE)"
12/7/2016,2:45:00 PM CST,80,0.92,credit,"sell to close 1 x $224 call exp. 12/30/2016 (23 DTE); buy to close 1 x $226 call exp. 12/30/2016 (23 DTE)"
12/7/2016,2:45:00 PM CST,81,0.66,debit,"buy to open 1 x $228 call exp. 1/20/2017 (44 DTE); sell to open 1 x $231 call exp. 1/20/2017 (44 DTE)"
12/13/2016,2:45:00 PM CST,81,1.25,credit,"sell to close 1 x $228 call exp. 1/20/2017 (38 DTE); buy to close 1 x $231 call exp. 1/20/2017 (38 DTE)"
12/13/2016,2:45:00 PM CST,82,1.02,debit,"buy to open 1 x $231.5 call exp. 1/27/2017 (45 DTE); sell to open 1 x $236 call exp. 1/27/2017 (45 DTE)"
1/6/2017,2:45:00 PM CST,82,0.39,credit,"sell to close 1 x $231.5 call exp. 1/27/2017 (21 DTE); buy to close 1 x $236 call exp. 1/27/2017 (21 DTE)"
1/6/2017,2:45:00 PM CST,83,0.67,debit,"buy to open 1 x $232 call exp. 2/17/2017 (42 DTE); sell to open 1 x $235 call exp. 2/17/2017 (42 DTE)"
1/27/2017,2:45:00 PM CST,83,0.43,credit,"sell to close 1 x $232 call exp. 2/17/2017 (21 DTE); buy to close 1 x $235 call exp. 2/17/2017 (21 DTE)"
1/31/2017,2:45:00 PM CST,84,0.71,debit,"buy to open 1 x $232 call exp. 3/17/2017 (45 DTE); sell to open 1 x $235 call exp. 3/17/2017 (45 DTE)"
2/9/2017,2:45:00 PM CST,84,1.13,credit,"sell to close 1 x $232 call exp. 3/17/2017 (36 DTE); buy to close 1 x $235 call exp. 3/17/2017 (36 DTE)"
2/9/2017,2:45:00 PM CST,85,0.85,debit,"buy to open 1 x $234 call exp. 3/24/2017 (43 DTE); sell to open 1 x $237.5 call exp. 3/24/2017 (43 DTE)"
2/14/2017,2:45:00 PM CST,85,1.41,credit,"sell to close 1 x $234 call exp. 3/24/2017 (38 DTE); buy to close 1 x $237.5 call exp. 3/24/2017 (38 DTE)"
2/14/2017,2:45:00 PM CST,86,0.7,debit,"buy to open 1 x $237 call exp. 3/31/2017 (45 DTE); sell to open 1 x $240 call exp. 3/31/2017 (45 DTE)"
2/21/2017,2:45:00 PM CST,86,1.29,credit,"sell to close 1 x $237 call exp. 3/31/2017 (38 DTE); buy to close 1 x $240 call exp. 3/31/2017 (38 DTE)"
2/21/2017,2:45:00 PM CST,87,0.67,debit,"buy to open 1 x $240 call exp. 3/31/2017 (38 DTE); sell to open 1 x $243 call exp. 3/31/2017 (38 DTE)"
3/1/2017,2:45:00 PM CST,87,1.31,credit,"sell to close 1 x $240 call exp. 3/31/2017 (30 DTE); buy to close 1 x $243 call exp. 3/31/2017 (30 DTE)"
3/1/2017,2:45:00 PM CST,88,1,debit,"buy to open 1 x $244 call exp. 4/21/2017 (51 DTE); sell to open 1 x $248 call exp. 4/21/2017 (51 DTE)"
3/31/2017,2:45:00 PM CDT,88,0.04,credit,"sell to close 1 x $244 call exp. 4/21/2017 (21 DTE); buy to close 1 x $248 call exp. 4/21/2017 (21 DTE)"
3/31/2017,2:45:00 PM CDT,89,0.68,debit,"buy to open 1 x $240.5 call exp. 5/12/2017 (42 DTE); sell to open 1 x $243 call exp. 5/12/2017 (42 DTE)"
4/21/2017,2:45:00 PM CDT,89,0.25,credit,"sell to close 1 x $240.5 call exp. 5/12/2017 (21 DTE); buy to close 1 x $243 call exp. 5/12/2017 (21 DTE)"
4/21/2017,2:45:00 PM CDT,90,0.83,debit,"buy to open 1 x $239.5 call exp. 6/2/2017 (42 DTE); sell to open 1 x $242.5 call exp. 6/2/2017 (42 DTE)"
4/25/2017,2:45:00 PM CDT,90,1.28,credit,"sell to close 1 x $239.5 call exp. 6/2/2017 (38 DTE); buy to close 1 x $242.5 call exp. 6/2/2017 (38 DTE)"
4/25/2017,2:45:00 PM CDT,91,1.07,debit,"buy to open 1 x $243 call exp. 6/16/2017 (52 DTE); sell to open 1 x $249 call exp. 6/16/2017 (52 DTE)"
5/26/2017,2:45:00 PM CDT,91,0.95,credit,"sell to close 1 x $243 call exp. 6/16/2017 (21 DTE); buy to close 1 x $249 call exp. 6/16/2017 (21 DTE)"
5/26/2017,2:45:00 PM CDT,92,0.79,debit,"buy to open 1 x $244 call exp. 7/7/2017 (42 DTE); sell to open 1 x $247 call exp. 7/7/2017 (42 DTE)"
6/2/2017,2:45:00 PM CDT,92,1.26,credit,"sell to close 1 x $244 call exp. 7/7/2017 (35 DTE); buy to close 1 x $247 call exp. 7/7/2017 (35 DTE)"
6/2/2017,2:45:00 PM CDT,93,0.67,debit,"buy to open 1 x $246.5 call exp. 7/14/2017 (42 DTE); sell to open 1 x $249.5 call exp. 7/14/2017 (42 DTE)"
6/23/2017,2:45:00 PM CDT,93,0.24,credit,"sell to close 1 x $246.5 call exp. 7/14/2017 (21 DTE); buy to close 1 x $249.5 call exp. 7/14/2017 (21 DTE)"
6/23/2017,2:45:00 PM CDT,94,1.06,debit,"buy to open 1 x $246 call exp. 8/4/2017 (42 DTE); sell to open 1 x $250 call exp. 8/4/2017 (42 DTE)"
7/14/2017,2:45:00 PM CDT,94,1.36,credit,"sell to close 1 x $246 call exp. 8/4/2017 (21 DTE); buy to close 1 x $250 call exp. 8/4/2017 (21 DTE)"
7/14/2017,2:45:00 PM CDT,95,0.82,debit,"buy to open 1 x $249 call exp. 8/25/2017 (42 DTE); sell to open 1 x $252.5 call exp. 8/25/2017 (42 DTE)"
8/4/2017,2:45:00 PM CDT,95,0.67,credit,"sell to close 1 x $249 call exp. 8/25/2017 (21 DTE); buy to close 1 x $252.5 call exp. 8/25/2017 (21 DTE)"
8/4/2017,2:45:00 PM CDT,96,0.96,debit,"buy to open 1 x $250 call exp. 9/15/2017 (42 DTE); sell to open 1 x $254 call exp. 9/15/2017 (42 DTE)"
8/25/2017,2:45:00 PM CDT,96,0.11,credit,"sell to close 1 x $250 call exp. 9/15/2017 (21 DTE); buy to close 1 x $254 call exp. 9/15/2017 (21 DTE)"
8/25/2017,2:45:00 PM CDT,97,0.85,debit,"buy to open 1 x $247.5 call exp. 10/6/2017 (42 DTE); sell to open 1 x $250 call exp. 10/6/2017 (42 DTE)"
9/11/2017,2:45:00 PM CDT,97,1.48,credit,"sell to close 1 x $247.5 call exp. 10/6/2017 (25 DTE); buy to close 1 x $250 call exp. 10/6/2017 (25 DTE)"
9/11/2017,2:45:00 PM CDT,98,0.62,debit,"buy to open 1 x $252 call exp. 10/27/2017 (46 DTE); sell to open 1 x $254 call exp. 10/27/2017 (46 DTE)"
10/2/2017,2:45:00 PM CDT,98,1.08,credit,"sell to close 1 x $252 call exp. 10/27/2017 (25 DTE); buy to close 1 x $254 call exp. 10/27/2017 (25 DTE)"
10/2/2017,2:45:00 PM CDT,99,0.7,debit,"buy to open 1 x $256 call exp. 11/17/2017 (46 DTE); sell to open 1 x $259 call exp. 11/17/2017 (46 DTE)"
10/5/2017,2:45:00 PM CDT,99,1.18,credit,"sell to close 1 x $256 call exp. 11/17/2017 (43 DTE); buy to close 1 x $259 call exp. 11/17/2017 (43 DTE)"
10/5/2017,2:45:00 PM CDT,100,0.69,debit,"buy to open 1 x $258 call exp. 11/17/2017 (43 DTE); sell to open 1 x $261 call exp. 11/17/2017 (43 DTE)"
10/27/2017,2:45:00 PM CDT,100,1.19,credit,"sell to close 1 x $258 call exp. 11/17/2017 (21 DTE); buy to close 1 x $261 call exp. 11/17/2017 (21 DTE)"
10/27/2017,2:45:00 PM CDT,101,0.75,debit,"buy to open 1 x $261 call exp. 12/8/2017 (42 DTE); sell to open 1 x $264 call exp. 12/8/2017 (42 DTE)"
11/17/2017,2:45:00 PM CST,101,0.4,credit,"sell to close 1 x $261 call exp. 12/8/2017 (21 DTE); buy to close 1 x $264 call exp. 12/8/2017 (21 DTE)"
11/17/2017,2:45:00 PM CST,102,0.76,debit,"buy to open 1 x $261 call exp. 12/29/2017 (42 DTE); sell to open 1 x $264 call exp. 12/29/2017 (42 DTE)"
11/28/2017,2:45:00 PM CST,102,1.67,credit,"sell to close 1 x $261 call exp. 12/29/2017 (31 DTE); buy to close 1 x $264 call exp. 12/29/2017 (31 DTE)"
11/28/2017,2:45:00 PM CST,103,0.91,debit,"buy to open 1 x $266 call exp. 1/19/2018 (52 DTE); sell to open 1 x $270 call exp. 1/19/2018 (52 DTE)"
11/30/2017,2:45:00 PM CST,103,1.6,credit,"sell to close 1 x $266 call exp. 1/19/2018 (50 DTE); buy to close 1 x $270 call exp. 1/19/2018 (50 DTE)"
11/30/2017,2:45:00 PM CST,104,0.87,debit,"buy to open 1 x $268 call exp. 1/12/2018 (43 DTE); sell to open 1 x $271 call exp. 1/12/2018 (43 DTE)"
12/18/2017,2:45:00 PM CST,104,1.46,credit,"sell to close 1 x $268 call exp. 1/12/2018 (25 DTE); buy to close 1 x $271 call exp. 1/12/2018 (25 DTE)"
12/18/2017,2:45:00 PM CST,105,0.69,debit,"buy to open 1 x $272 call exp. 1/26/2018 (39 DTE); sell to open 1 x $275 call exp. 1/26/2018 (39 DTE)"
1/4/2018,2:45:00 PM CST,105,1.15,credit,"sell to close 1 x $272 call exp. 1/26/2018 (22 DTE); buy to close 1 x $275 call exp. 1/26/2018 (22 DTE)"
1/4/2018,2:45:00 PM CST,106,0.69,debit,"buy to open 1 x $276 call exp. 2/16/2018 (43 DTE); sell to open 1 x $279 call exp. 2/16/2018 (43 DTE)"
1/8/2018,2:45:00 PM CST,106,1.09,credit,"sell to close 1 x $276 call exp. 2/16/2018 (39 DTE); buy to close 1 x $279 call exp. 2/16/2018 (39 DTE)"
1/8/2018,2:45:00 PM CST,107,0.97,debit,"buy to open 1 x $278 call exp. 2/23/2018 (46 DTE); sell to open 1 x $282 call exp. 2/23/2018 (46 DTE)"
1/12/2018,2:45:00 PM CST,107,1.84,credit,"sell to close 1 x $278 call exp. 2/23/2018 (42 DTE); buy to close 1 x $282 call exp. 2/23/2018 (42 DTE)"
1/12/2018,2:45:00 PM CST,108,0.79,debit,"buy to open 1 x $282.5 call exp. 2/23/2018 (42 DTE); sell to open 1 x $286 call exp. 2/23/2018 (42 DTE)"
1/19/2018,2:45:00 PM CST,108,1.26,credit,"sell to close 1 x $282.5 call exp. 2/23/2018 (35 DTE); buy to close 1 x $286 call exp. 2/23/2018 (35 DTE)"
1/19/2018,2:45:00 PM CST,109,0.98,debit,"buy to open 1 x $285 call exp. 3/2/2018 (42 DTE); sell to open 1 x $289 call exp. 3/2/2018 (42 DTE)"
1/23/2018,2:45:00 PM CST,109,1.61,credit,"sell to close 1 x $285 call exp. 3/2/2018 (38 DTE); buy to close 1 x $289 call exp. 3/2/2018 (38 DTE)"
1/23/2018,2:45:00 PM CST,110,1.18,debit,"buy to open 1 x $289 call exp. 3/16/2018 (52 DTE); sell to open 1 x $294 call exp. 3/16/2018 (52 DTE)"
1/26/2018,2:45:00 PM CST,110,1.81,credit,"sell to close 1 x $289 call exp. 3/16/2018 (49 DTE); buy to close 1 x $294 call exp. 3/16/2018 (49 DTE)"
1/26/2018,2:45:00 PM CST,111,1,debit,"buy to open 1 x $292.5 call exp. 3/9/2018 (42 DTE); sell to open 1 x $297.5 call exp. 3/9/2018 (42 DTE)"
2/16/2018,2:45:00 PM CST,111,0.04,credit,"sell to close 1 x $292.5 call exp. 3/9/2018 (21 DTE); buy to close 1 x $297.5 call exp. 3/9/2018 (21 DTE)"
2/16/2018,2:45:00 PM CST,112,1.33,debit,"buy to open 1 x $279 call exp. 3/29/2018 (41 DTE); sell to open 1 x $284 call exp. 3/29/2018 (41 DTE)"
3/7/2018,2:45:00 PM CST,112,0.64,credit,"sell to close 1 x $279 call exp. 3/29/2018 (22 DTE); buy to close 1 x $284 call exp. 3/29/2018 (22 DTE)"
3/7/2018,2:45:00 PM CST,113,1.08,debit,"buy to open 1 x $279 call exp. 4/20/2018 (44 DTE); sell to open 1 x $283 call exp. 4/20/2018 (44 DTE)"
3/9/2018,2:45:00 PM CST,113,1.84,credit,"sell to close 1 x $279 call exp. 4/20/2018 (42 DTE); buy to close 1 x $283 call exp. 4/20/2018 (42 DTE)"
3/9/2018,2:45:00 PM CST,114,0.95,debit,"buy to open 1 x $284 call exp. 4/20/2018 (42 DTE); sell to open 1 x $288 call exp. 4/20/2018 (42 DTE)"
4/2/2018,2:45:00 PM CDT,114,0.01,debit,"sell to close 1 x $284 call exp. 4/20/2018 (18 DTE); buy to close 1 x $288 call exp. 4/20/2018 (18 DTE)"
4/2/2018,2:45:00 PM CDT,115,1.94,debit,"buy to open 1 x $267 call exp. 5/18/2018 (46 DTE); sell to open 1 x $275 call exp. 5/18/2018 (46 DTE)"
4/4/2018,2:45:00 PM CDT,115,3.25,credit,"sell to close 1 x $267 call exp. 5/18/2018 (44 DTE); buy to close 1 x $275 call exp. 5/18/2018 (44 DTE)"
4/4/2018,2:45:00 PM CDT,116,1.49,debit,"buy to open 1 x $273 call exp. 5/18/2018 (44 DTE); sell to open 1 x $279 call exp. 5/18/2018 (44 DTE)"
4/27/2018,2:45:00 PM CDT,116,0.72,credit,"sell to close 1 x $273 call exp. 5/18/2018 (21 DTE); buy to close 1 x $279 call exp. 5/18/2018 (21 DTE)"
4/27/2018,2:45:00 PM CDT,117,1.2,debit,"buy to open 1 x $273 call exp. 6/8/2018 (42 DTE); sell to open 1 x $277.5 call exp. 6/8/2018 (42 DTE)"
5/11/2018,2:45:00 PM CDT,117,1.93,credit,"sell to close 1 x $273 call exp. 6/8/2018 (28 DTE); buy to close 1 x $277.5 call exp. 6/8/2018 (28 DTE)"
5/11/2018,2:45:00 PM CDT,118,1.27,debit,"buy to open 1 x $277 call exp. 6/22/2018 (42 DTE); sell to open 1 x $282.5 call exp. 6/22/2018 (42 DTE)"
6/1/2018,2:45:00 PM CDT,118,0.64,credit,"sell to close 1 x $277 call exp. 6/22/2018 (21 DTE); buy to close 1 x $282.5 call exp. 6/22/2018 (21 DTE)"
6/1/2018,2:45:00 PM CDT,119,0.89,debit,"buy to open 1 x $277 call exp. 7/13/2018 (42 DTE); sell to open 1 x $280 call exp. 7/13/2018 (42 DTE)"
6/6/2018,2:45:00 PM CDT,119,1.41,credit,"sell to close 1 x $277 call exp. 7/13/2018 (37 DTE); buy to close 1 x $280 call exp. 7/13/2018 (37 DTE)"
6/6/2018,2:45:00 PM CDT,120,0.94,debit,"buy to open 1 x $281 call exp. 7/20/2018 (44 DTE); sell to open 1 x $285 call exp. 7/20/2018 (44 DTE)"
6/29/2018,2:45:00 PM CDT,120,0.16,credit,"sell to close 1 x $281 call exp. 7/20/2018 (21 DTE); buy to close 1 x $285 call exp. 7/20/2018 (21 DTE)"
6/29/2018,2:45:00 PM CDT,121,1.21,debit,"buy to open 1 x $278 call exp. 8/10/2018 (42 DTE); sell to open 1 x $282.5 call exp. 8/10/2018 (42 DTE)"
7/9/2018,2:45:00 PM CDT,121,2.18,credit,"sell to close 1 x $278 call exp. 8/10/2018 (32 DTE); buy to close 1 x $282.5 call exp. 8/10/2018 (32 DTE)"
7/9/2018,2:45:00 PM CDT,122,1.04,debit,"buy to open 1 x $283 call exp. 8/24/2018 (46 DTE); sell to open 1 x $287 call exp. 8/24/2018 (46 DTE)"
7/25/2018,2:45:00 PM CDT,122,2.19,credit,"sell to close 1 x $283 call exp. 8/24/2018 (30 DTE); buy to close 1 x $287 call exp. 8/24/2018 (30 DTE)"
7/25/2018,2:45:00 PM CDT,123,0.93,debit,"buy to open 1 x $288 call exp. 8/31/2018 (37 DTE); sell to open 1 x $292 call exp. 8/31/2018 (37 DTE)"
8/10/2018,2:45:00 PM CDT,123,0.48,credit,"sell to close 1 x $288 call exp. 8/31/2018 (21 DTE); buy to close 1 x $292 call exp. 8/31/2018 (21 DTE)"
8/10/2018,2:45:00 PM CDT,124,1.05,debit,"buy to open 1 x $288 call exp. 9/21/2018 (42 DTE); sell to open 1 x $293 call exp. 9/21/2018 (42 DTE)"
8/21/2018,2:45:00 PM CDT,124,1.65,credit,"sell to close 1 x $288 call exp. 9/21/2018 (31 DTE); buy to close 1 x $293 call exp. 9/21/2018 (31 DTE)"
8/21/2018,2:45:00 PM CDT,125,0.82,debit,"buy to open 1 x $291 call exp. 9/28/2018 (38 DTE); sell to open 1 x $295 call exp. 9/28/2018 (38 DTE)"
8/27/2018,2:45:00 PM CDT,125,1.35,credit,"sell to close 1 x $291 call exp. 9/28/2018 (32 DTE); buy to close 1 x $295 call exp. 9/28/2018 (32 DTE)"
8/27/2018,2:45:00 PM CDT,126,1.25,debit,"buy to open 1 x $292.5 call exp. 10/5/2018 (39 DTE); sell to open 1 x $297.5 call exp. 10/5/2018 (39 DTE)"
9/14/2018,2:45:00 PM CDT,126,0.81,credit,"sell to close 1 x $292.5 call exp. 10/5/2018 (21 DTE); buy to close 1 x $297.5 call exp. 10/5/2018 (21 DTE)"
9/14/2018,2:45:00 PM CDT,127,0.81,debit,"buy to open 1 x $294.5 call exp. 10/26/2018 (42 DTE); sell to open 1 x $298 call exp. 10/26/2018 (42 DTE)"
9/20/2018,2:45:00 PM CDT,127,1.3,credit,"sell to close 1 x $294.5 call exp. 10/26/2018 (36 DTE); buy to close 1 x $298 call exp. 10/26/2018 (36 DTE)"
9/20/2018,2:45:00 PM CDT,128,1,debit,"buy to open 1 x $297.5 call exp. 11/2/2018 (43 DTE); sell to open 1 x $302.5 call exp. 11/2/2018 (43 DTE)"
10/12/2018,2:45:00 PM CDT,128,0.01,credit,"sell to close 1 x $297.5 call exp. 11/2/2018 (21 DTE); buy to close 1 x $302.5 call exp. 11/2/2018 (21 DTE)"
10/12/2018,2:45:00 PM CDT,129,1.6,debit,"buy to open 1 x $284 call exp. 11/23/2018 (42 DTE); sell to open 1 x $289.5 call exp. 11/23/2018 (42 DTE)"
11/2/2018,2:45:00 PM CDT,129,0.31,credit,"sell to close 1 x $284 call exp. 11/23/2018 (21 DTE); buy to close 1 x $289.5 call exp. 11/23/2018 (21 DTE)"
11/2/2018,2:45:00 PM CDT,130,1.55,debit,"buy to open 1 x $281 call exp. 12/14/2018 (42 DTE); sell to open 1 x $287 call exp. 12/14/2018 (42 DTE)"
11/7/2018,2:45:00 PM CST,130,2.97,credit,"sell to close 1 x $281 call exp. 12/14/2018 (37 DTE); buy to close 1 x $287 call exp. 12/14/2018 (37 DTE)"
11/7/2018,2:45:00 PM CST,131,1.75,debit,"buy to open 1 x $287 call exp. 12/21/2018 (44 DTE); sell to open 1 x $293 call exp. 12/21/2018 (44 DTE)"
11/30/2018,2:45:00 PM CST,131,0.55,credit,"sell to close 1 x $287 call exp. 12/21/2018 (21 DTE); buy to close 1 x $293 call exp. 12/21/2018 (21 DTE)"
11/30/2018,2:45:00 PM CST,132,1.71,debit,"buy to open 1 x $283 call exp. 1/11/2019 (42 DTE); sell to open 1 x $290 call exp. 1/11/2019 (42 DTE)"
12/21/2018,2:45:00 PM CST,132,0.01,credit,"sell to close 1 x $283 call exp. 1/11/2019 (21 DTE); buy to close 1 x $290 call exp. 1/11/2019 (21 DTE)"
12/21/2018,2:45:00 PM CST,133,1.92,debit,"buy to open 1 x $252.5 call exp. 2/1/2019 (42 DTE); sell to open 1 x $260 call exp. 2/1/2019 (42 DTE)"
12/31/2018,2:45:00 PM CST,133,3.08,credit,"sell to close 1 x $252.5 call exp. 2/1/2019 (32 DTE); buy to close 1 x $260 call exp. 2/1/2019 (32 DTE)"
12/31/2018,2:45:00 PM CST,134,1.91,debit,"buy to open 1 x $261 call exp. 2/15/2019 (46 DTE); sell to open 1 x $269 call exp. 2/15/2019 (46 DTE)"
1/9/2019,2:45:00 PM CST,134,2.98,credit,"sell to close 1 x $261 call exp. 2/15/2019 (37 DTE); buy to close 1 x $269 call exp. 2/15/2019 (37 DTE)"
1/9/2019,2:45:00 PM CST,135,1.38,debit,"buy to open 1 x $267 call exp. 2/22/2019 (44 DTE); sell to open 1 x $272.5 call exp. 2/22/2019 (44 DTE)"
1/18/2019,2:45:00 PM CST,135,2.46,credit,"sell to close 1 x $267 call exp. 2/22/2019 (35 DTE); buy to close 1 x $272.5 call exp. 2/22/2019 (35 DTE)"
1/18/2019,2:45:00 PM CST,136,1.49,debit,"buy to open 1 x $273 call exp. 3/1/2019 (42 DTE); sell to open 1 x $279 call exp. 3/1/2019 (42 DTE)"
2/5/2019,2:45:00 PM CST,136,2.64,credit,"sell to close 1 x $273 call exp. 3/1/2019 (24 DTE); buy to close 1 x $279 call exp. 3/1/2019 (24 DTE)"
2/5/2019,2:45:00 PM CST,137,1.22,debit,"buy to open 1 x $280 call exp. 3/22/2019 (45 DTE); sell to open 1 x $285 call exp. 3/22/2019 (45 DTE)"
2/19/2019,2:45:00 PM CST,137,1.93,credit,"sell to close 1 x $280 call exp. 3/22/2019 (31 DTE); buy to close 1 x $285 call exp. 3/22/2019 (31 DTE)"
2/19/2019,2:45:00 PM CST,138,0.99,debit,"buy to open 1 x $284 call exp. 3/29/2019 (38 DTE); sell to open 1 x $288 call exp. 3/29/2019 (38 DTE)"
3/7/2019,2:45:00 PM CST,138,0.21,credit,"sell to close 1 x $284 call exp. 3/29/2019 (22 DTE); buy to close 1 x $288 call exp. 3/29/2019 (22 DTE)"
3/7/2019,2:45:00 PM CST,139,1.14,debit,"buy to open 1 x $281 call exp. 4/18/2019 (42 DTE); sell to open 1 x $285 call exp. 4/18/2019 (42 DTE)"
3/13/2019,2:45:00 PM CDT,139,2.04,credit,"sell to close 1 x $281 call exp. 4/18/2019 (36 DTE); buy to close 1 x $285 call exp. 4/18/2019 (36 DTE)"
3/13/2019,2:45:00 PM CDT,140,0.96,debit,"buy to open 1 x $287 call exp. 4/26/2019 (44 DTE); sell to open 1 x $291 call exp. 4/26/2019 (44 DTE)"
3/21/2019,2:45:00 PM CDT,140,1.72,credit,"sell to close 1 x $287 call exp. 4/26/2019 (36 DTE); buy to close 1 x $291 call exp. 4/26/2019 (36 DTE)"
3/21/2019,2:45:00 PM CDT,141,1.33,debit,"buy to open 1 x $291 call exp. 5/3/2019 (43 DTE); sell to open 1 x $296 call exp. 5/3/2019 (43 DTE)"
4/12/2019,2:45:00 PM CDT,141,1.8,credit,"sell to close 1 x $291 call exp. 5/3/2019 (21 DTE); buy to close 1 x $296 call exp. 5/3/2019 (21 DTE)"
4/12/2019,2:45:00 PM CDT,142,0.97,debit,"buy to open 1 x $296 call exp. 5/24/2019 (42 DTE); sell to open 1 x $300 call exp. 5/24/2019 (42 DTE)"
4/29/2019,2:45:00 PM CDT,142,1.49,credit,"sell to close 1 x $296 call exp. 5/24/2019 (25 DTE); buy to close 1 x $300 call exp. 5/24/2019 (25 DTE)"
4/29/2019,2:45:00 PM CDT,143,0.93,debit,"buy to open 1 x $300 call exp. 6/7/2019 (39 DTE); sell to open 1 x $304 call exp. 6/7/2019 (39 DTE)"
5/17/2019,2:45:00 PM CDT,143,0.03,credit,"sell to close 1 x $300 call exp. 6/7/2019 (21 DTE); buy to close 1 x $304 call exp. 6/7/2019 (21 DTE)"
5/17/2019,2:45:00 PM CDT,144,1.52,debit,"buy to open 1 x $292 call exp. 6/28/2019 (42 DTE); sell to open 1 x $297 call exp. 6/28/2019 (42 DTE)"
6/7/2019,2:45:00 PM CDT,144,1.1,credit,"sell to close 1 x $292 call exp. 6/28/2019 (21 DTE); buy to close 1 x $297 call exp. 6/28/2019 (21 DTE)"
6/7/2019,2:45:00 PM CDT,145,1.43,debit,"buy to open 1 x $294 call exp. 7/19/2019 (42 DTE); sell to open 1 x $300 call exp. 7/19/2019 (42 DTE)"
6/19/2019,2:45:00 PM CDT,145,2.34,credit,"sell to close 1 x $294 call exp. 7/19/2019 (30 DTE); buy to close 1 x $300 call exp. 7/19/2019 (30 DTE)"
6/19/2019,2:45:00 PM CDT,146,1.37,debit,"buy to open 1 x $299 call exp. 8/2/2019 (44 DTE); sell to open 1 x $304 call exp. 8/2/2019 (44 DTE)"
7/3/2019,2:45:00 PM CDT,146,2.28,credit,"sell to close 1 x $299 call exp. 8/2/2019 (30 DTE); buy to close 1 x $304 call exp. 8/2/2019 (30 DTE)"
7/3/2019,2:45:00 PM CDT,147,1.01,debit,"buy to open 1 x $305 call exp. 8/16/2019 (44 DTE); sell to open 1 x $309 call exp. 8/16/2019 (44 DTE)"
7/26/2019,2:45:00 PM CDT,147,1.13,credit,"sell to close 1 x $305 call exp. 8/16/2019 (21 DTE); buy to close 1 x $309 call exp. 8/16/2019 (21 DTE)"
7/26/2019,2:45:00 PM CDT,148,1.06,debit,"buy to open 1 x $308 call exp. 9/6/2019 (42 DTE); sell to open 1 x $312 call exp. 9/6/2019 (42 DTE)"
8/16/2019,2:45:00 PM CDT,148,0.02,credit,"sell to close 1 x $308 call exp. 9/6/2019 (21 DTE); buy to close 1 x $312 call exp. 9/6/2019 (21 DTE)"
8/16/2019,2:45:00 PM CDT,149,1.46,debit,"buy to open 1 x $297 call exp. 9/30/2019 (45 DTE); sell to open 1 x $302 call exp. 9/30/2019 (45 DTE)"
9/5/2019,2:45:00 PM CDT,149,2.62,credit,"sell to close 1 x $297 call exp. 9/30/2019 (25 DTE); buy to close 1 x $302 call exp. 9/30/2019 (25 DTE)"
9/5/2019,2:45:00 PM CDT,150,1.33,debit,"buy to open 1 x $304 call exp. 10/18/2019 (43 DTE); sell to open 1 x $309 call exp. 10/18/2019 (43 DTE)"
9/27/2019,2:45:00 PM CDT,150,0.49,credit,"sell to close 1 x $304 call exp. 10/18/2019 (21 DTE); buy to close 1 x $309 call exp. 10/18/2019 (21 DTE)"
9/27/2019,2:45:00 PM CDT,151,1.51,debit,"buy to open 1 x $303 call exp. 11/8/2019 (42 DTE); sell to open 1 x $308 call exp. 11/8/2019 (42 DTE)"
10/18/2019,2:45:00 PM CDT,151,1.09,credit,"sell to close 1 x $303 call exp. 11/8/2019 (21 DTE); buy to close 1 x $308 call exp. 11/8/2019 (21 DTE)"
10/18/2019,2:45:00 PM CDT,152,1.36,debit,"buy to open 1 x $305 call exp. 11/29/2019 (42 DTE); sell to open 1 x $310 call exp. 11/29/2019 (42 DTE)"
10/30/2019,2:45:00 PM CDT,152,2.16,credit,"sell to close 1 x $305 call exp. 11/29/2019 (30 DTE); buy to close 1 x $310 call exp. 11/29/2019 (30 DTE)"
10/30/2019,2:45:00 PM CDT,153,1.48,debit,"buy to open 1 x $310 call exp. 12/20/2019 (51 DTE); sell to open 1 x $315 call exp. 12/20/2019 (51 DTE)"
11/8/2019,2:45:00 PM CST,153,2.27,credit,"sell to close 1 x $310 call exp. 12/20/2019 (42 DTE); buy to close 1 x $315 call exp. 12/20/2019 (42 DTE)"
11/8/2019,2:45:00 PM CST,154,1.37,debit,"buy to open 1 x $314 call exp. 12/20/2019 (42 DTE); sell to open 1 x $319 call exp. 12/20/2019 (42 DTE)"
11/26/2019,2:45:00 PM CST,154,2.22,credit,"sell to close 1 x $314 call exp. 12/20/2019 (24 DTE); buy to close 1 x $319 call exp. 12/20/2019 (24 DTE)"
11/26/2019,2:45:00 PM CST,155,1.35,debit,"buy to open 1 x $319 call exp. 1/17/2020 (52 DTE); sell to open 1 x $324 call exp. 1/17/2020 (52 DTE)"
12/16/2019,2:45:00 PM CST,155,2.17,credit,"sell to close 1 x $319 call exp. 1/17/2020 (32 DTE); buy to close 1 x $324 call exp. 1/17/2020 (32 DTE)"
12/16/2019,2:45:00 PM CST,156,1.08,debit,"buy to open 1 x $324.5 call exp. 1/31/2020 (46 DTE); sell to open 1 x $329 call exp. 1/31/2020 (46 DTE)"
12/23/2019,2:45:00 PM CST,156,1.7,credit,"sell to close 1 x $324.5 call exp. 1/31/2020 (39 DTE); buy to close 1 x $329 call exp. 1/31/2020 (39 DTE)"
12/23/2019,2:45:00 PM CST,157,1.2,debit,"buy to open 1 x $327 call exp. 1/31/2020 (39 DTE); sell to open 1 x $332 call exp. 1/31/2020 (39 DTE)"
1/8/2020,2:45:00 PM CST,157,1.95,credit,"sell to close 1 x $327 call exp. 1/31/2020 (23 DTE); buy to close 1 x $332 call exp. 1/31/2020 (23 DTE)"
1/8/2020,2:45:00 PM CST,158,1.3,debit,"buy to open 1 x $332 call exp. 2/21/2020 (44 DTE); sell to open 1 x $337 call exp. 2/21/2020 (44 DTE)"
1/16/2020,2:45:00 PM CST,158,2.15,credit,"sell to close 1 x $332 call exp. 2/21/2020 (36 DTE); buy to close 1 x $337 call exp. 2/21/2020 (36 DTE)"
1/16/2020,2:45:00 PM CST,159,1.19,debit,"buy to open 1 x $337 call exp. 2/28/2020 (43 DTE); sell to open 1 x $342 call exp. 2/28/2020 (43 DTE)"
2/7/2020,2:45:00 PM CST,159,1.3,credit,"sell to close 1 x $337 call exp. 2/28/2020 (21 DTE); buy to close 1 x $342 call exp. 2/28/2020 (21 DTE)"
2/7/2020,2:45:00 PM CST,160,1.19,debit,"buy to open 1 x $340 call exp. 3/20/2020 (42 DTE); sell to open 1 x $344 call exp. 3/20/2020 (42 DTE)"
2/19/2020,2:45:00 PM CST,160,1.89,credit,"sell to close 1 x $340 call exp. 3/20/2020 (30 DTE); buy to close 1 x $344 call exp. 3/20/2020 (30 DTE)"
2/19/2020,2:45:00 PM CST,161,1.65,debit,"buy to open 1 x $344 call exp. 4/3/2020 (44 DTE); sell to open 1 x $350 call exp. 4/3/2020 (44 DTE)"
3/13/2020,2:45:00 PM CDT,161,0.01,debit,"sell to close 1 x $344 call exp. 4/3/2020 (21 DTE); buy to close 1 x $350 call exp. 4/3/2020 (21 DTE)"
3/13/2020,2:45:00 PM CDT,162,4.38,debit,"buy to open 1 x $285 call exp. 4/24/2020 (42 DTE); sell to open 1 x $298 call exp. 4/24/2020 (42 DTE)"
4/3/2020,2:45:00 PM CDT,162,0.13,credit,"sell to close 1 x $285 call exp. 4/24/2020 (21 DTE); buy to close 1 x $298 call exp. 4/24/2020 (21 DTE)"
4/3/2020,2:45:00 PM CDT,163,3.68,debit,"buy to open 1 x $264 call exp. 5/15/2020 (42 DTE); sell to open 1 x $277 call exp. 5/15/2020 (42 DTE)"
4/6/2020,2:45:00 PM CDT,163,6.84,credit,"sell to close 1 x $264 call exp. 5/15/2020 (39 DTE); buy to close 1 x $277 call exp. 5/15/2020 (39 DTE)"
4/6/2020,2:45:00 PM CDT,164,4.08,debit,"buy to open 1 x $280 call exp. 5/22/2020 (46 DTE); sell to open 1 x $295 call exp. 5/22/2020 (46 DTE)"
4/8/2020,2:45:00 PM CDT,164,6.39,credit,"sell to close 1 x $280 call exp. 5/22/2020 (44 DTE); buy to close 1 x $295 call exp. 5/22/2020 (44 DTE)"
4/8/2020,2:45:00 PM CDT,165,4.06,debit,"buy to open 1 x $290 call exp. 5/22/2020 (44 DTE); sell to open 1 x $305 call exp. 5/22/2020 (44 DTE)"
4/17/2020,2:45:00 PM CDT,165,6.33,credit,"sell to close 1 x $290 call exp. 5/22/2020 (35 DTE); buy to close 1 x $305 call exp. 5/22/2020 (35 DTE)"
4/17/2020,2:45:00 PM CDT,166,3.2,debit,"buy to open 1 x $302 call exp. 5/29/2020 (42 DTE); sell to open 1 x $315 call exp. 5/29/2020 (42 DTE)"
5/8/2020,2:45:00 PM CDT,166,1.64,credit,"sell to close 1 x $302 call exp. 5/29/2020 (21 DTE); buy to close 1 x $315 call exp. 5/29/2020 (21 DTE)"
5/8/2020,2:45:00 PM CDT,167,2.4,debit,"buy to open 1 x $304 call exp. 6/19/2020 (42 DTE); sell to open 1 x $313 call exp. 6/19/2020 (42 DTE)"
5/27/2020,2:45:00 PM CDT,167,3.91,credit,"sell to close 1 x $304 call exp. 6/19/2020 (23 DTE); buy to close 1 x $313 call exp. 6/19/2020 (23 DTE)"
5/27/2020,2:45:00 PM CDT,168,2.65,debit,"buy to open 1 x $314 call exp. 7/17/2020 (51 DTE); sell to open 1 x $324 call exp. 7/17/2020 (51 DTE)"
6/3/2020,2:45:00 PM CDT,168,4.42,credit,"sell to close 1 x $314 call exp. 7/17/2020 (44 DTE); buy to close 1 x $324 call exp. 7/17/2020 (44 DTE)"
6/3/2020,2:45:00 PM CDT,169,2.37,debit,"buy to open 1 x $323 call exp. 7/17/2020 (44 DTE); sell to open 1 x $333 call exp. 7/17/2020 (44 DTE)"
6/8/2020,2:45:00 PM CDT,169,4.41,credit,"sell to close 1 x $323 call exp. 7/17/2020 (39 DTE); buy to close 1 x $333 call exp. 7/17/2020 (39 DTE)"
6/8/2020,2:45:00 PM CDT,170,2.72,debit,"buy to open 1 x $333 call exp. 7/24/2020 (46 DTE); sell to open 1 x $345 call exp. 7/24/2020 (46 DTE)"
7/6/2020,2:45:00 PM CDT,170,0.61,credit,"sell to close 1 x $333 call exp. 7/24/2020 (18 DTE); buy to close 1 x $345 call exp. 7/24/2020 (18 DTE)"
7/6/2020,2:45:00 PM CDT,171,2.49,debit,"buy to open 1 x $330 call exp. 8/21/2020 (46 DTE); sell to open 1 x $341 call exp. 8/21/2020 (46 DTE)"
7/22/2020,2:45:00 PM CDT,171,3.98,credit,"sell to close 1 x $330 call exp. 8/21/2020 (30 DTE); buy to close 1 x $341 call exp. 8/21/2020 (30 DTE)"
7/22/2020,2:45:00 PM CDT,172,2.11,debit,"buy to open 1 x $337 call exp. 8/28/2020 (37 DTE); sell to open 1 x $346 call exp. 8/28/2020 (37 DTE)"
8/7/2020,2:45:00 PM CDT,172,2.96,credit,"sell to close 1 x $337 call exp. 8/28/2020 (21 DTE); buy to close 1 x $346 call exp. 8/28/2020 (21 DTE)"
8/7/2020,2:45:00 PM CDT,173,2.2,debit,"buy to open 1 x $344 call exp. 9/18/2020 (42 DTE); sell to open 1 x $353 call exp. 9/18/2020 (42 DTE)"
8/24/2020,2:45:00 PM CDT,173,3.44,credit,"sell to close 1 x $344 call exp. 9/18/2020 (25 DTE); buy to close 1 x $353 call exp. 9/18/2020 (25 DTE)"
8/24/2020,2:45:00 PM CDT,174,1.89,debit,"buy to open 1 x $351 call exp. 10/2/2020 (39 DTE); sell to open 1 x $359 call exp. 10/2/2020 (39 DTE)"
8/26/2020,2:45:00 PM CDT,174,3.09,credit,"sell to close 1 x $351 call exp. 10/2/2020 (37 DTE); buy to close 1 x $359 call exp. 10/2/2020 (37 DTE)"
8/26/2020,2:45:00 PM CDT,175,2.55,debit,"buy to open 1 x $358 call exp. 10/16/2020 (51 DTE); sell to open 1 x $369 call exp. 10/16/2020 (51 DTE)"
9/2/2020,2:45:00 PM CDT,175,4.95,credit,"sell to close 1 x $358 call exp. 10/16/2020 (44 DTE); buy to close 1 x $369 call exp. 10/16/2020 (44 DTE)"
9/2/2020,2:45:00 PM CDT,176,2.72,debit,"buy to open 1 x $371 call exp. 10/16/2020 (44 DTE); sell to open 1 x $385 call exp. 10/16/2020 (44 DTE)"
9/25/2020,2:45:00 PM CDT,176,0.02,credit,"sell to close 1 x $371 call exp. 10/16/2020 (21 DTE); buy to close 1 x $385 call exp. 10/16/2020 (21 DTE)"
9/25/2020,2:45:00 PM CDT,177,2.96,debit,"buy to open 1 x $342.5 call exp. 11/6/2020 (42 DTE); sell to open 1 x $354 call exp. 11/6/2020 (42 DTE)"
10/5/2020,2:45:00 PM CDT,177,5.09,credit,"sell to close 1 x $342.5 call exp. 11/6/2020 (32 DTE); buy to close 1 x $354 call exp. 11/6/2020 (32 DTE)"
10/5/2020,2:45:00 PM CDT,178,2.92,debit,"buy to open 1 x $356 call exp. 11/20/2020 (46 DTE); sell to open 1 x $368 call exp. 11/20/2020 (46 DTE)"
10/12/2020,2:45:00 PM CDT,178,5,credit,"sell to close 1 x $356 call exp. 11/20/2020 (39 DTE); buy to close 1 x $368 call exp. 11/20/2020 (39 DTE)"
10/12/2020,2:45:00 PM CDT,179,2.59,debit,"buy to open 1 x $366 call exp. 11/27/2020 (46 DTE); sell to open 1 x $377 call exp. 11/27/2020 (46 DTE)"
11/6/2020,2:45:00 PM CST,179,1,credit,"sell to close 1 x $366 call exp. 11/27/2020 (21 DTE); buy to close 1 x $377 call exp. 11/27/2020 (21 DTE)"
11/6/2020,2:45:00 PM CST,180,2.8,debit,"buy to open 1 x $363 call exp. 12/24/2020 (48 DTE); sell to open 1 x $374 call exp. 12/24/2020 (48 DTE)"
11/16/2020,2:45:00 PM CST,180,4.48,credit,"sell to close 1 x $363 call exp. 12/24/2020 (38 DTE); buy to close 1 x $374 call exp. 12/24/2020 (38 DTE)"
11/16/2020,2:45:00 PM CST,181,2.32,debit,"buy to open 1 x $372 call exp. 12/31/2020 (45 DTE); sell to open 1 x $382 call exp. 12/31/2020 (45 DTE)"
12/10/2020,2:45:00 PM CST,181,2.29,credit,"sell to close 1 x $372 call exp. 12/31/2020 (21 DTE); buy to close 1 x $382 call exp. 12/31/2020 (21 DTE)"
12/10/2020,2:45:00 PM CST,182,2.2,debit,"buy to open 1 x $377.5 call exp. 1/22/2021 (43 DTE); sell to open 1 x $386 call exp. 1/22/2021 (43 DTE)"
1/4/2021,2:45:00 PM CST,182,1.87,credit,"sell to close 1 x $377.5 call exp. 1/22/2021 (18 DTE); buy to close 1 x $386 call exp. 1/22/2021 (18 DTE)"
1/4/2021,2:45:00 PM CST,183,3.07,debit,"buy to open 1 x $382 call exp. 2/19/2021 (46 DTE); sell to open 1 x $394 call exp. 2/19/2021 (46 DTE)"
1/7/2021,2:45:00 PM CST,183,5.17,credit,"sell to close 1 x $382 call exp. 2/19/2021 (43 DTE); buy to close 1 x $394 call exp. 2/19/2021 (43 DTE)"
1/7/2021,2:45:00 PM CST,184,2.26,debit,"buy to open 1 x $391 call exp. 2/19/2021 (43 DTE); sell to open 1 x $400 call exp. 2/19/2021 (43 DTE)"
1/29/2021,2:45:00 PM CST,184,0.59,credit,"sell to close 1 x $391 call exp. 2/19/2021 (21 DTE); buy to close 1 x $400 call exp. 2/19/2021 (21 DTE)"
1/29/2021,2:45:00 PM CST,185,3.28,debit,"buy to open 1 x $386 call exp. 3/12/2021 (42 DTE); sell to open 1 x $397 call exp. 3/12/2021 (42 DTE)"
2/4/2021,2:45:00 PM CST,185,5.05,credit,"sell to close 1 x $386 call exp. 3/12/2021 (36 DTE); buy to close 1 x $397 call exp. 3/12/2021 (36 DTE)"
2/4/2021,2:45:00 PM CST,186,2.4,debit,"buy to open 1 x $397 call exp. 3/19/2021 (43 DTE); sell to open 1 x $407 call exp. 3/19/2021 (43 DTE)"
2/25/2021,2:45:00 PM CST,186,1.49,credit,"sell to close 1 x $397 call exp. 3/19/2021 (22 DTE); buy to close 1 x $407 call exp. 3/19/2021 (22 DTE)"
2/25/2021,2:45:00 PM CST,187,3.16,debit,"buy to open 1 x $395 call exp. 4/9/2021 (43 DTE); sell to open 1 x $406 call exp. 4/9/2021 (43 DTE)"
3/19/2021,2:45:00 PM CDT,187,2.88,credit,"sell to close 1 x $395 call exp. 4/9/2021 (21 DTE); buy to close 1 x $406 call exp. 4/9/2021 (21 DTE)"
3/19/2021,2:45:00 PM CDT,188,2.39,debit,"buy to open 1 x $402 call exp. 4/30/2021 (42 DTE); sell to open 1 x $412.5 call exp. 4/30/2021 (42 DTE)"
4/5/2021,2:45:00 PM CDT,188,5.74,credit,"sell to close 1 x $402 call exp. 4/30/2021 (25 DTE); buy to close 1 x $412.5 call exp. 4/30/2021 (25 DTE)"
4/5/2021,2:45:00 PM CDT,189,2.13,debit,"buy to open 1 x $417 call exp. 5/21/2021 (46 DTE); sell to open 1 x $427 call exp. 5/21/2021 (46 DTE)"
4/13/2021,2:45:00 PM CDT,189,3.32,credit,"sell to close 1 x $417 call exp. 5/21/2021 (38 DTE); buy to close 1 x $427 call exp. 5/21/2021 (38 DTE)"
4/13/2021,2:45:00 PM CDT,190,2.25,debit,"buy to open 1 x $423 call exp. 5/28/2021 (45 DTE); sell to open 1 x $433 call exp. 5/28/2021 (45 DTE)"
4/29/2021,2:45:00 PM CDT,190,3.65,credit,"sell to close 1 x $423 call exp. 5/28/2021 (29 DTE); buy to close 1 x $433 call exp. 5/28/2021 (29 DTE)"
4/29/2021,2:45:00 PM CDT,191,2.01,debit,"buy to open 1 x $430 call exp. 6/11/2021 (43 DTE); sell to open 1 x $437.5 call exp. 6/11/2021 (43 DTE)"
5/21/2021,2:45:00 PM CDT,191,0.36,credit,"sell to close 1 x $430 call exp. 6/11/2021 (21 DTE); buy to close 1 x $437.5 call exp. 6/11/2021 (21 DTE)"
5/21/2021,2:45:00 PM CDT,192,2.34,debit,"buy to open 1 x $424 call exp. 7/2/2021 (42 DTE); sell to open 1 x $432.5 call exp. 7/2/2021 (42 DTE)"
6/11/2021,2:45:00 PM CDT,192,2.78,credit,"sell to close 1 x $424 call exp. 7/2/2021 (21 DTE); buy to close 1 x $432.5 call exp. 7/2/2021 (21 DTE)"
6/11/2021,2:45:00 PM CDT,193,1.84,debit,"buy to open 1 x $430 call exp. 7/23/2021 (42 DTE); sell to open 1 x $437 call exp. 7/23/2021 (42 DTE)"
7/1/2021,2:45:00 PM CDT,193,3.19,credit,"sell to close 1 x $430 call exp. 7/23/2021 (22 DTE); buy to close 1 x $437 call exp. 7/23/2021 (22 DTE)"
7/1/2021,2:45:00 PM CDT,194,1.84,debit,"buy to open 1 x $438 call exp. 8/13/2021 (43 DTE); sell to open 1 x $445 call exp. 8/13/2021 (43 DTE)"
7/7/2021,2:45:00 PM CDT,194,2.86,credit,"sell to close 1 x $438 call exp. 8/13/2021 (37 DTE); buy to close 1 x $445 call exp. 8/13/2021 (37 DTE)"
7/7/2021,2:45:00 PM CDT,195,1.79,debit,"buy to open 1 x $444 call exp. 8/20/2021 (44 DTE); sell to open 1 x $451 call exp. 8/20/2021 (44 DTE)"
7/30/2021,2:45:00 PM CDT,195,1.71,credit,"sell to close 1 x $444 call exp. 8/20/2021 (21 DTE); buy to close 1 x $451 call exp. 8/20/2021 (21 DTE)"
7/30/2021,2:45:00 PM CDT,196,2.15,debit,"buy to open 1 x $447.5 call exp. 9/10/2021 (42 DTE); sell to open 1 x $455 call exp. 9/10/2021 (42 DTE)"
8/20/2021,2:45:00 PM CDT,196,2.39,credit,"sell to close 1 x $447.5 call exp. 9/10/2021 (21 DTE); buy to close 1 x $455 call exp. 9/10/2021 (21 DTE)"
8/20/2021,2:45:00 PM CDT,197,2,debit,"buy to open 1 x $452 call exp. 10/1/2021 (42 DTE); sell to open 1 x $459 call exp. 10/1/2021 (42 DTE)"
8/27/2021,2:45:00 PM CDT,197,3.06,credit,"sell to close 1 x $452 call exp. 10/1/2021 (35 DTE); buy to close 1 x $459 call exp. 10/1/2021 (35 DTE)"
8/27/2021,2:45:00 PM CDT,198,1.65,debit,"buy to open 1 x $458 call exp. 10/8/2021 (42 DTE); sell to open 1 x $464 call exp. 10/8/2021 (42 DTE)"
9/17/2021,2:45:00 PM CDT,198,0.25,credit,"sell to close 1 x $458 call exp. 10/8/2021 (21 DTE); buy to close 1 x $464 call exp. 10/8/2021 (21 DTE)"
9/17/2021,2:45:00 PM CDT,199,2.22,debit,"buy to open 1 x $452 call exp. 10/29/2021 (42 DTE); sell to open 1 x $459 call exp. 10/29/2021 (42 DTE)"
10/8/2021,2:45:00 PM CDT,199,0.49,credit,"sell to close 1 x $452 call exp. 10/29/2021 (21 DTE); buy to close 1 x $459 call exp. 10/29/2021 (21 DTE)"
10/8/2021,2:45:00 PM CDT,200,1.75,debit,"buy to open 1 x $450 call exp. 11/19/2021 (42 DTE); sell to open 1 x $456 call exp. 11/19/2021 (42 DTE)"
10/19/2021,2:45:00 PM CDT,200,3.13,credit,"sell to close 1 x $450 call exp. 11/19/2021 (31 DTE); buy to close 1 x $456 call exp. 11/19/2021 (31 DTE)"
10/19/2021,2:45:00 PM CDT,201,2.08,debit,"buy to open 1 x $458 call exp. 11/26/2021 (38 DTE); sell to open 1 x $466 call exp. 11/26/2021 (38 DTE)"
10/25/2021,2:45:00 PM CDT,201,3.24,credit,"sell to close 1 x $458 call exp. 11/26/2021 (32 DTE); buy to close 1 x $466 call exp. 11/26/2021 (32 DTE)"
10/25/2021,2:45:00 PM CDT,202,1.73,debit,"buy to open 1 x $464 call exp. 12/3/2021 (39 DTE); sell to open 1 x $470 call exp. 12/3/2021 (39 DTE)"
11/2/2021,2:45:00 PM CDT,202,2.88,credit,"sell to close 1 x $464 call exp. 12/3/2021 (31 DTE); buy to close 1 x $470 call exp. 12/3/2021 (31 DTE)"
11/2/2021,2:45:00 PM CDT,203,1.95,debit,"buy to open 1 x $472 call exp. 12/17/2021 (45 DTE); sell to open 1 x $479 call exp. 12/17/2021 (45 DTE)"
11/5/2021,2:45:00 PM CDT,203,3.05,credit,"sell to close 1 x $472 call exp. 12/17/2021 (42 DTE); buy to close 1 x $479 call exp. 12/17/2021 (42 DTE)"
11/5/2021,2:45:00 PM CDT,204,2.4,debit,"buy to open 1 x $478 call exp. 12/23/2021 (48 DTE); sell to open 1 x $487 call exp. 12/23/2021 (48 DTE)"
12/2/2021,2:45:00 PM CST,204,0.55,credit,"sell to close 1 x $478 call exp. 12/23/2021 (21 DTE); buy to close 1 x $487 call exp. 12/23/2021 (21 DTE)"
12/2/2021,2:45:00 PM CST,205,2.84,debit,"buy to open 1 x $472.5 call exp. 1/14/2022 (43 DTE); sell to open 1 x $482.5 call exp. 1/14/2022 (43 DTE)"
12/27/2021,2:45:00 PM CST,205,5.76,credit,"sell to close 1 x $472.5 call exp. 1/14/2022 (18 DTE); buy to close 1 x $482.5 call exp. 1/14/2022 (18 DTE)"
12/27/2021,2:45:00 PM CST,206,2.21,debit,"buy to open 1 x $487 call exp. 2/4/2022 (39 DTE); sell to open 1 x $496 call exp. 2/4/2022 (39 DTE)"
1/14/2022,2:45:00 PM CST,206,0.17,credit,"sell to close 1 x $487 call exp. 2/4/2022 (21 DTE); buy to close 1 x $496 call exp. 2/4/2022 (21 DTE)"
1/14/2022,2:45:00 PM CST,207,2.85,debit,"buy to open 1 x $476 call exp. 2/25/2022 (42 DTE); sell to open 1 x $486 call exp. 2/25/2022 (42 DTE)"
2/4/2022,2:45:00 PM CST,207,0.26,credit,"sell to close 1 x $476 call exp. 2/25/2022 (21 DTE); buy to close 1 x $486 call exp. 2/25/2022 (21 DTE)"
2/4/2022,2:45:00 PM CST,208,3.26,debit,"buy to open 1 x $464 call exp. 3/18/2022 (42 DTE); sell to open 1 x $476 call exp. 3/18/2022 (42 DTE)"
2/24/2022,2:45:00 PM CST,208,0.2,credit,"sell to close 1 x $464 call exp. 3/18/2022 (22 DTE); buy to close 1 x $476 call exp. 3/18/2022 (22 DTE)"
2/24/2022,2:45:00 PM CST,209,3.53,debit,"buy to open 1 x $445 call exp. 4/8/2022 (43 DTE); sell to open 1 x $460 call exp. 4/8/2022 (43 DTE)"
2/25/2022,2:45:00 PM CST,209,5.47,credit,"sell to close 1 x $445 call exp. 4/8/2022 (42 DTE); buy to close 1 x $460 call exp. 4/8/2022 (42 DTE)"
2/25/2022,2:45:00 PM CST,210,3.72,debit,"buy to open 1 x $453 call exp. 4/14/2022 (48 DTE); sell to open 1 x $467 call exp. 4/14/2022 (48 DTE)"
3/24/2022,2:45:00 PM CDT,210,4.65,credit,"sell to close 1 x $453 call exp. 4/14/2022 (21 DTE); buy to close 1 x $467 call exp. 4/14/2022 (21 DTE)"
3/24/2022,2:45:00 PM CDT,211,2.35,debit,"buy to open 1 x $465 call exp. 5/6/2022 (43 DTE); sell to open 1 x $475 call exp. 5/6/2022 (43 DTE)"
3/29/2022,2:45:00 PM CDT,211,4.35,credit,"sell to close 1 x $465 call exp. 5/6/2022 (38 DTE); buy to close 1 x $475 call exp. 5/6/2022 (38 DTE)"
3/29/2022,2:45:00 PM CDT,212,2.87,debit,"buy to open 1 x $476 call exp. 5/20/2022 (52 DTE); sell to open 1 x $488 call exp. 5/20/2022 (52 DTE)"
4/29/2022,2:45:00 PM CDT,212,0.01,debit,"sell to close 1 x $476 call exp. 5/20/2022 (21 DTE); buy to close 1 x $488 call exp. 5/20/2022 (21 DTE)"
4/29/2022,2:45:00 PM CDT,213,3.73,debit,"buy to open 1 x $433 call exp. 6/10/2022 (42 DTE); sell to open 1 x $446 call exp. 6/10/2022 (42 DTE)"
5/4/2022,2:45:00 PM CDT,213,5.68,credit,"sell to close 1 x $433 call exp. 6/10/2022 (37 DTE); buy to close 1 x $446 call exp. 6/10/2022 (37 DTE)"
5/4/2022,2:45:00 PM CDT,214,3.2,debit,"buy to open 1 x $445 call exp. 6/17/2022 (44 DTE); sell to open 1 x $457 call exp. 6/17/2022 (44 DTE)"
5/27/2022,2:45:00 PM CDT,214,0.4,credit,"sell to close 1 x $445 call exp. 6/17/2022 (21 DTE); buy to close 1 x $457 call exp. 6/17/2022 (21 DTE)"
5/27/2022,2:45:00 PM CDT,215,3.44,debit,"buy to open 1 x $430 call exp. 7/8/2022 (42 DTE); sell to open 1 x $444 call exp. 7/8/2022 (42 DTE)"
6/17/2022,2:45:00 PM CDT,215,0.03,credit,"sell to close 1 x $430 call exp. 7/8/2022 (21 DTE); buy to close 1 x $444 call exp. 7/8/2022 (21 DTE)"
6/17/2022,2:45:00 PM CDT,216,3.68,debit,"buy to open 1 x $385 call exp. 7/29/2022 (42 DTE); sell to open 1 x $401 call exp. 7/29/2022 (42 DTE)"
6/23/2022,2:45:00 PM CDT,216,5.71,credit,"sell to close 1 x $385 call exp. 7/29/2022 (36 DTE); buy to close 1 x $401 call exp. 7/29/2022 (36 DTE)"
6/23/2022,2:45:00 PM CDT,217,3.82,debit,"buy to open 1 x $395 call exp. 8/5/2022 (43 DTE); sell to open 1 x $410 call exp. 8/5/2022 (43 DTE)"
7/15/2022,2:45:00 PM CDT,217,2.92,credit,"sell to close 1 x $395 call exp. 8/5/2022 (21 DTE); buy to close 1 x $410 call exp. 8/5/2022 (21 DTE)"
7/15/2022,2:45:00 PM CDT,218,2.67,debit,"buy to open 1 x $401 call exp. 8/26/2022 (42 DTE); sell to open 1 x $412 call exp. 8/26/2022 (42 DTE)"
7/20/2022,2:45:00 PM CDT,218,4.42,credit,"sell to close 1 x $401 call exp. 8/26/2022 (37 DTE); buy to close 1 x $412 call exp. 8/26/2022 (37 DTE)"
7/20/2022,2:45:00 PM CDT,219,3.11,debit,"buy to open 1 x $410 call exp. 8/26/2022 (37 DTE); sell to open 1 x $423 call exp. 8/26/2022 (37 DTE)"
7/29/2022,2:45:00 PM CDT,219,6.36,credit,"sell to close 1 x $410 call exp. 8/26/2022 (28 DTE); buy to close 1 x $423 call exp. 8/26/2022 (28 DTE)"
7/29/2022,2:45:00 PM CDT,220,2.68,debit,"buy to open 1 x $428 call exp. 9/9/2022 (42 DTE); sell to open 1 x $440 call exp. 9/9/2022 (42 DTE)"
8/12/2022,2:45:00 PM CDT,220,4.8,credit,"sell to close 1 x $428 call exp. 9/9/2022 (28 DTE); buy to close 1 x $440 call exp. 9/9/2022 (28 DTE)"
8/12/2022,2:45:00 PM CDT,221,2.83,debit,"buy to open 1 x $440 call exp. 9/23/2022 (42 DTE); sell to open 1 x $452 call exp. 9/23/2022 (42 DTE)"
9/2/2022,2:45:00 PM CDT,221,0.02,credit,"sell to close 1 x $440 call exp. 9/23/2022 (21 DTE); buy to close 1 x $452 call exp. 9/23/2022 (21 DTE)"
9/2/2022,2:45:00 PM CDT,222,3.26,debit,"buy to open 1 x $406 call exp. 10/14/2022 (42 DTE); sell to open 1 x $419 call exp. 10/14/2022 (42 DTE)"
9/9/2022,2:45:00 PM CDT,222,5.94,credit,"sell to close 1 x $406 call exp. 10/14/2022 (35 DTE); buy to close 1 x $419 call exp. 10/14/2022 (35 DTE)"
9/9/2022,2:45:00 PM CDT,223,2.92,debit,"buy to open 1 x $422 call exp. 10/21/2022 (42 DTE); sell to open 1 x $435 call exp. 10/21/2022 (42 DTE)"
9/30/2022,2:45:00 PM CDT,223,0.01,credit,"sell to close 1 x $422 call exp. 10/21/2022 (21 DTE); buy to close 1 x $435 call exp. 10/21/2022 (21 DTE)"
9/30/2022,2:45:00 PM CDT,224,3.51,debit,"buy to open 1 x $379 call exp. 11/11/2022 (42 DTE); sell to open 1 x $394 call exp. 11/11/2022 (42 DTE)"
10/4/2022,2:45:00 PM CDT,224,6.62,credit,"sell to close 1 x $379 call exp. 11/11/2022 (38 DTE); buy to close 1 x $394 call exp. 11/11/2022 (38 DTE)"
10/4/2022,2:45:00 PM CDT,225,3.65,debit,"buy to open 1 x $396 call exp. 11/18/2022 (45 DTE); sell to open 1 x $412 call exp. 11/18/2022 (45 DTE)"
10/28/2022,2:45:00 PM CDT,225,4.69,credit,"sell to close 1 x $396 call exp. 11/18/2022 (21 DTE); buy to close 1 x $412 call exp. 11/18/2022 (21 DTE)"
10/28/2022,2:45:00 PM CDT,226,3.63,debit,"buy to open 1 x $408 call exp. 12/9/2022 (42 DTE); sell to open 1 x $425 call exp. 12/9/2022 (42 DTE)"
11/18/2022,2:45:00 PM CST,226,2.48,credit,"sell to close 1 x $408 call exp. 12/9/2022 (21 DTE); buy to close 1 x $425 call exp. 12/9/2022 (21 DTE)"
11/18/2022,2:45:00 PM CST,227,3.13,debit,"buy to open 1 x $411 call exp. 12/30/2022 (42 DTE); sell to open 1 x $424 call exp. 12/30/2022 (42 DTE)"
12/9/2022,2:45:00 PM CST,227,1.23,credit,"sell to close 1 x $411 call exp. 12/30/2022 (21 DTE); buy to close 1 x $424 call exp. 12/30/2022 (21 DTE)"
12/9/2022,2:45:00 PM CST,228,3.12,debit,"buy to open 1 x $409 call exp. 1/20/2023 (42 DTE); sell to open 1 x $422 call exp. 1/20/2023 (42 DTE)"
12/30/2022,2:45:00 PM CST,228,0.32,credit,"sell to close 1 x $409 call exp. 1/20/2023 (21 DTE); buy to close 1 x $422 call exp. 1/20/2023 (21 DTE)"
12/30/2022,2:45:00 PM CST,229,2.8,debit,"buy to open 1 x $398 call exp. 2/10/2023 (42 DTE); sell to open 1 x $410 call exp. 2/10/2023 (42 DTE)"
1/11/2023,2:45:00 PM CST,229,4.73,credit,"sell to close 1 x $398 call exp. 2/10/2023 (30 DTE); buy to close 1 x $410 call exp. 2/10/2023 (30 DTE)"
1/11/2023,2:45:00 PM CST,230,3.28,debit,"buy to open 1 x $410 call exp. 2/24/2023 (44 DTE); sell to open 1 x $424 call exp. 2/24/2023 (44 DTE)"
2/1/2023,2:45:00 PM CST,230,6.57,credit,"sell to close 1 x $410 call exp. 2/24/2023 (23 DTE); buy to close 1 x $424 call exp. 2/24/2023 (23 DTE)"
2/1/2023,2:45:00 PM CST,231,2.5,debit,"buy to open 1 x $426 call exp. 3/17/2023 (44 DTE); sell to open 1 x $436 call exp. 3/17/2023 (44 DTE)"
2/23/2023,2:45:00 PM CST,231,0.27,credit,"sell to close 1 x $426 call exp. 3/17/2023 (22 DTE); buy to close 1 x $436 call exp. 3/17/2023 (22 DTE)"
2/23/2023,2:45:00 PM CST,232,2.75,debit,"buy to open 1 x $414 call exp. 4/6/2023 (42 DTE); sell to open 1 x $425 call exp. 4/6/2023 (42 DTE)"
3/16/2023,2:45:00 PM CDT,232,0.76,credit,"sell to close 1 x $414 call exp. 4/6/2023 (21 DTE); buy to close 1 x $425 call exp. 4/6/2023 (21 DTE)"
3/16/2023,2:45:00 PM CDT,233,2.94,debit,"buy to open 1 x $410 call exp. 4/28/2023 (43 DTE); sell to open 1 x $422 call exp. 4/28/2023 (43 DTE)"
3/31/2023,2:45:00 PM CDT,233,4.97,credit,"sell to close 1 x $410 call exp. 4/28/2023 (28 DTE); buy to close 1 x $422 call exp. 4/28/2023 (28 DTE)"
3/31/2023,2:45:00 PM CDT,234,2.55,debit,"buy to open 1 x $422 call exp. 5/12/2023 (42 DTE); sell to open 1 x $432 call exp. 5/12/2023 (42 DTE)"
4/21/2023,2:45:00 PM CDT,234,1.42,credit,"sell to close 1 x $422 call exp. 5/12/2023 (21 DTE); buy to close 1 x $432 call exp. 5/12/2023 (21 DTE)"
4/21/2023,2:45:00 PM CDT,235,2.4,debit,"buy to open 1 x $423 call exp. 6/2/2023 (42 DTE); sell to open 1 x $432 call exp. 6/2/2023 (42 DTE)"
5/12/2023,2:45:00 PM CDT,235,0.74,credit,"sell to close 1 x $423 call exp. 6/2/2023 (21 DTE); buy to close 1 x $432 call exp. 6/2/2023 (21 DTE)"
5/12/2023,2:45:00 PM CDT,236,2.49,debit,"buy to open 1 x $421 call exp. 6/23/2023 (42 DTE); sell to open 1 x $430 call exp. 6/23/2023 (42 DTE)"
5/18/2023,2:45:00 PM CDT,236,4.08,credit,"sell to close 1 x $421 call exp. 6/23/2023 (36 DTE); buy to close 1 x $430 call exp. 6/23/2023 (36 DTE)"
5/18/2023,2:45:00 PM CDT,237,1.5,debit,"buy to open 1 x $430 call exp. 6/30/2023 (43 DTE); sell to open 1 x $436 call exp. 6/30/2023 (43 DTE)"
6/2/2023,2:45:00 PM CDT,237,2.38,credit,"sell to close 1 x $430 call exp. 6/30/2023 (28 DTE); buy to close 1 x $436 call exp. 6/30/2023 (28 DTE)"
6/2/2023,2:45:00 PM CDT,238,1.77,debit,"buy to open 1 x $438 call exp. 7/14/2023 (42 DTE); sell to open 1 x $446 call exp. 7/14/2023 (42 DTE)"
6/13/2023,2:45:00 PM CDT,238,3.07,credit,"sell to close 1 x $438 call exp. 7/14/2023 (31 DTE); buy to close 1 x $446 call exp. 7/14/2023 (31 DTE)"
6/13/2023,2:45:00 PM CDT,239,2.13,debit,"buy to open 1 x $446 call exp. 7/28/2023 (45 DTE); sell to open 1 x $455 call exp. 7/28/2023 (45 DTE)"
6/15/2023,2:45:00 PM CDT,239,3.55,credit,"sell to close 1 x $446 call exp. 7/28/2023 (43 DTE); buy to close 1 x $455 call exp. 7/28/2023 (43 DTE)"
6/15/2023,2:45:00 PM CDT,240,1.74,debit,"buy to open 1 x $454 call exp. 7/28/2023 (43 DTE); sell to open 1 x $462 call exp. 7/28/2023 (43 DTE)"
7/7/2023,2:45:00 PM CDT,240,0.5,credit,"sell to close 1 x $454 call exp. 7/28/2023 (21 DTE); buy to close 1 x $462 call exp. 7/28/2023 (21 DTE)"
7/7/2023,2:45:00 PM CDT,241,1.76,debit,"buy to open 1 x $452 call exp. 8/18/2023 (42 DTE); sell to open 1 x $460 call exp. 8/18/2023 (42 DTE)"
7/12/2023,2:45:00 PM CDT,241,2.79,credit,"sell to close 1 x $452 call exp. 8/18/2023 (37 DTE); buy to close 1 x $460 call exp. 8/18/2023 (37 DTE)"
7/12/2023,2:45:00 PM CDT,242,1.7,debit,"buy to open 1 x $458 call exp. 8/25/2023 (44 DTE); sell to open 1 x $465 call exp. 8/25/2023 (44 DTE)"
7/18/2023,2:45:00 PM CDT,242,3.04,credit,"sell to close 1 x $458 call exp. 8/25/2023 (38 DTE); buy to close 1 x $465 call exp. 8/25/2023 (38 DTE)"
7/18/2023,2:45:00 PM CDT,243,2.33,debit,"buy to open 1 x $466 call exp. 9/1/2023 (45 DTE); sell to open 1 x $476 call exp. 9/1/2023 (45 DTE)"
8/11/2023,2:45:00 PM CDT,243,0.18,credit,"sell to close 1 x $466 call exp. 9/1/2023 (21 DTE); buy to close 1 x $476 call exp. 9/1/2023 (21 DTE)"
8/11/2023,2:45:00 PM CDT,244,1.84,debit,"buy to open 1 x $457 call exp. 9/22/2023 (42 DTE); sell to open 1 x $464 call exp. 9/22/2023 (42 DTE)"
9/1/2023,2:45:00 PM CDT,244,1.34,credit,"sell to close 1 x $457 call exp. 9/22/2023 (21 DTE); buy to close 1 x $464 call exp. 9/22/2023 (21 DTE)"
9/1/2023,2:45:00 PM CDT,245,1.98,debit,"buy to open 1 x $460 call exp. 10/13/2023 (42 DTE); sell to open 1 x $468 call exp. 10/13/2023 (42 DTE)"
9/22/2023,2:45:00 PM CDT,245,0.04,credit,"sell to close 1 x $460 call exp. 10/13/2023 (21 DTE); buy to close 1 x $468 call exp. 10/13/2023 (21 DTE)"
9/22/2023,2:45:00 PM CDT,246,1.93,debit,"buy to open 1 x $445 call exp. 11/3/2023 (42 DTE); sell to open 1 x $452.5 call exp. 11/3/2023 (42 DTE)"
10/13/2023,2:45:00 PM CDT,246,1.04,credit,"sell to close 1 x $445 call exp. 11/3/2023 (21 DTE); buy to close 1 x $452.5 call exp. 11/3/2023 (21 DTE)"
10/13/2023,2:45:00 PM CDT,247,2.46,debit,"buy to open 1 x $445 call exp. 11/24/2023 (42 DTE); sell to open 1 x $455 call exp. 11/24/2023 (42 DTE)"
11/3/2023,2:45:00 PM CDT,247,1.37,credit,"sell to close 1 x $445 call exp. 11/24/2023 (21 DTE); buy to close 1 x $455 call exp. 11/24/2023 (21 DTE)"
11/3/2023,2:45:00 PM CDT,248,2.17,debit,"buy to open 1 x $447 call exp. 12/15/2023 (42 DTE); sell to open 1 x $456 call exp. 12/15/2023 (42 DTE)"
11/14/2023,2:45:00 PM CST,248,4.89,credit,"sell to close 1 x $447 call exp. 12/15/2023 (31 DTE); buy to close 1 x $456 call exp. 12/15/2023 (31 DTE)"
11/14/2023,2:45:00 PM CST,249,2.09,debit,"buy to open 1 x $460 call exp. 12/29/2023 (45 DTE); sell to open 1 x $469 call exp. 12/29/2023 (45 DTE)"
12/1/2023,2:45:00 PM CST,249,3.29,credit,"sell to close 1 x $460 call exp. 12/29/2023 (28 DTE); buy to close 1 x $469 call exp. 12/29/2023 (28 DTE)"
12/1/2023,2:45:00 PM CST,250,1.99,debit,"buy to open 1 x $468 call exp. 1/12/2024 (42 DTE); sell to open 1 x $476 call exp. 1/12/2024 (42 DTE)"
12/13/2023,2:45:00 PM CST,250,3.86,credit,"sell to close 1 x $468 call exp. 1/12/2024 (30 DTE); buy to close 1 x $476 call exp. 1/12/2024 (30 DTE)"
12/13/2023,2:45:00 PM CST,251,2.04,debit,"buy to open 1 x $480 call exp. 1/26/2024 (44 DTE); sell to open 1 x $490 call exp. 1/26/2024 (44 DTE)"
12/19/2023,2:45:00 PM CST,251,3.32,credit,"sell to close 1 x $480 call exp. 1/26/2024 (38 DTE); buy to close 1 x $490 call exp. 1/26/2024 (38 DTE)"
12/19/2023,2:45:00 PM CST,252,1.93,debit,"buy to open 1 x $487 call exp. 1/31/2024 (43 DTE); sell to open 1 x $496 call exp. 1/31/2024 (43 DTE)"
1/10/2024,2:45:00 PM CST,252,1,credit,"sell to close 1 x $487 call exp. 1/31/2024 (21 DTE); buy to close 1 x $496 call exp. 1/31/2024 (21 DTE)"
1/10/2024,2:45:00 PM CST,253,1.79,debit,"buy to open 1 x $488 call exp. 2/23/2024 (44 DTE); sell to open 1 x $495 call exp. 2/23/2024 (44 DTE)"
1/22/2024,2:45:00 PM CST,253,2.76,credit,"sell to close 1 x $488 call exp. 2/23/2024 (32 DTE); buy to close 1 x $495 call exp. 2/23/2024 (32 DTE)"
1/22/2024,2:45:00 PM CST,254,1.9,debit,"buy to open 1 x $496 call exp. 3/1/2024 (39 DTE); sell to open 1 x $505 call exp. 3/1/2024 (39 DTE)"
1/29/2024,2:45:00 PM CST,254,3.01,credit,"sell to close 1 x $496 call exp. 3/1/2024 (32 DTE); buy to close 1 x $505 call exp. 3/1/2024 (32 DTE)"
1/29/2024,2:45:00 PM CST,255,1.9,debit,"buy to open 1 x $505 call exp. 3/15/2024 (46 DTE); sell to open 1 x $514 call exp. 3/15/2024 (46 DTE)"
2/9/2024,2:45:00 PM CST,255,3.29,credit,"sell to close 1 x $505 call exp. 3/15/2024 (35 DTE); buy to close 1 x $514 call exp. 3/15/2024 (35 DTE)"
2/9/2024,2:45:00 PM CST,256,2.27,debit,"buy to open 1 x $513 call exp. 3/28/2024 (48 DTE); sell to open 1 x $523 call exp. 3/28/2024 (48 DTE)"
3/1/2024,2:45:00 PM CST,256,4.04,credit,"sell to close 1 x $513 call exp. 3/28/2024 (27 DTE); buy to close 1 x $523 call exp. 3/28/2024 (27 DTE)"
3/1/2024,2:45:00 PM CST,257,2.18,debit,"buy to open 1 x $525 call exp. 4/12/2024 (42 DTE); sell to open 1 x $535 call exp. 4/12/2024 (42 DTE)"
3/21/2024,2:45:00 PM CDT,257,3.58,credit,"sell to close 1 x $525 call exp. 4/12/2024 (22 DTE); buy to close 1 x $535 call exp. 4/12/2024 (22 DTE)"
3/21/2024,2:45:00 PM CDT,258,3.25,debit,"buy to open 1 x $535 call exp. 5/3/2024 (43 DTE); sell to open 1 x $550 call exp. 5/3/2024 (43 DTE)"
4/12/2024,2:45:00 PM CDT,258,0.44,credit,"sell to close 1 x $535 call exp. 5/3/2024 (21 DTE); buy to close 1 x $550 call exp. 5/3/2024 (21 DTE)"
4/12/2024,2:45:00 PM CDT,259,2.55,debit,"buy to open 1 x $527 call exp. 5/24/2024 (42 DTE); sell to open 1 x $537 call exp. 5/24/2024 (42 DTE)"
5/3/2024,2:45:00 PM CDT,259,0.96,credit,"sell to close 1 x $527 call exp. 5/24/2024 (21 DTE); buy to close 1 x $537 call exp. 5/24/2024 (21 DTE)"
5/3/2024,2:45:00 PM CDT,260,2.5,debit,"buy to open 1 x $525 call exp. 6/14/2024 (42 DTE); sell to open 1 x $535 call exp. 6/14/2024 (42 DTE)"
5/10/2024,2:45:00 PM CDT,260,3.92,credit,"sell to close 1 x $525 call exp. 6/14/2024 (35 DTE); buy to close 1 x $535 call exp. 6/14/2024 (35 DTE)"
5/10/2024,2:45:00 PM CDT,261,2.27,debit,"buy to open 1 x $533 call exp. 6/21/2024 (42 DTE); sell to open 1 x $542 call exp. 6/21/2024 (42 DTE)"
5/15/2024,2:45:00 PM CDT,261,3.64,credit,"sell to close 1 x $533 call exp. 6/21/2024 (37 DTE); buy to close 1 x $542 call exp. 6/21/2024 (37 DTE)"
5/15/2024,2:45:00 PM CDT,262,2.04,debit,"buy to open 1 x $542 call exp. 6/28/2024 (44 DTE); sell to open 1 x $551 call exp. 6/28/2024 (44 DTE)"
6/7/2024,2:45:00 PM CDT,262,1.67,credit,"sell to close 1 x $542 call exp. 6/28/2024 (21 DTE); buy to close 1 x $551 call exp. 6/28/2024 (21 DTE)"
6/7/2024,2:45:00 PM CDT,263,2.07,debit,"buy to open 1 x $546 call exp. 7/19/2024 (42 DTE); sell to open 1 x $555 call exp. 7/19/2024 (42 DTE)"
6/13/2024,2:45:00 PM CDT,263,3.37,credit,"sell to close 1 x $546 call exp. 7/19/2024 (36 DTE); buy to close 1 x $555 call exp. 7/19/2024 (36 DTE)"
6/13/2024,2:45:00 PM CDT,264,2.4,debit,"buy to open 1 x $554 call exp. 7/26/2024 (43 DTE); sell to open 1 x $565 call exp. 7/26/2024 (43 DTE)"
7/5/2024,2:45:00 PM CDT,264,4.88,credit,"sell to close 1 x $554 call exp. 7/26/2024 (21 DTE); buy to close 1 x $565 call exp. 7/26/2024 (21 DTE)"
7/5/2024,2:45:00 PM CDT,265,2.54,debit,"buy to open 1 x $568 call exp. 8/16/2024 (42 DTE); sell to open 1 x $580 call exp. 8/16/2024 (42 DTE)"
7/16/2024,2:45:00 PM CDT,265,4.49,credit,"sell to close 1 x $568 call exp. 8/16/2024 (31 DTE); buy to close 1 x $580 call exp. 8/16/2024 (31 DTE)"
7/16/2024,2:45:00 PM CDT,266,2.3,debit,"buy to open 1 x $580 call exp. 8/30/2024 (45 DTE); sell to open 1 x $590 call exp. 8/30/2024 (45 DTE)"
8/9/2024,2:45:00 PM CDT,266,0.01,credit,"sell to close 1 x $580 call exp. 8/30/2024 (21 DTE); buy to close 1 x $590 call exp. 8/30/2024 (21 DTE)"
8/9/2024,2:45:00 PM CDT,267,3.28,debit,"buy to open 1 x $550 call exp. 9/20/2024 (42 DTE); sell to open 1 x $562 call exp. 9/20/2024 (42 DTE)"
8/15/2024,2:45:00 PM CDT,267,6.77,credit,"sell to close 1 x $550 call exp. 9/20/2024 (36 DTE); buy to close 1 x $562 call exp. 9/20/2024 (36 DTE)"
8/15/2024,2:45:00 PM CDT,268,2.64,debit,"buy to open 1 x $567 call exp. 9/30/2024 (46 DTE); sell to open 1 x $578 call exp. 9/30/2024 (46 DTE)"
8/21/2024,2:45:00 PM CDT,268,4.03,credit,"sell to close 1 x $567 call exp. 9/30/2024 (40 DTE); buy to close 1 x $578 call exp. 9/30/2024 (40 DTE)"
8/21/2024,2:45:00 PM CDT,269,2.61,debit,"buy to open 1 x $573 call exp. 9/30/2024 (40 DTE); sell to open 1 x $584 call exp. 9/30/2024 (40 DTE)"
9/9/2024,2:45:00 PM CDT,269,0.17,credit,"sell to close 1 x $573 call exp. 9/30/2024 (21 DTE); buy to close 1 x $584 call exp. 9/30/2024 (21 DTE)"
9/9/2024,2:45:00 PM CDT,270,3.19,debit,"buy to open 1 x $563 call exp. 10/25/2024 (46 DTE); sell to open 1 x $575 call exp. 10/25/2024 (46 DTE)"
9/12/2024,2:45:00 PM CDT,270,5.39,credit,"sell to close 1 x $563 call exp. 10/25/2024 (43 DTE); buy to close 1 x $575 call exp. 10/25/2024 (43 DTE)"
9/12/2024,2:45:00 PM CDT,271,3.45,debit,"buy to open 1 x $572 call exp. 10/25/2024 (43 DTE); sell to open 1 x $585 call exp. 10/25/2024 (43 DTE)"
9/19/2024,2:45:00 PM CDT,271,5.87,credit,"sell to close 1 x $572 call exp. 10/25/2024 (36 DTE); buy to close 1 x $585 call exp. 10/25/2024 (36 DTE)"
9/19/2024,2:45:00 PM CDT,272,3.2,debit,"buy to open 1 x $585 call exp. 11/1/2024 (43 DTE); sell to open 1 x $600 call exp. 11/1/2024 (43 DTE)"
10/11/2024,2:45:00 PM CDT,272,4.4,credit,"sell to close 1 x $585 call exp. 11/1/2024 (21 DTE); buy to close 1 x $600 call exp. 11/1/2024 (21 DTE)"
10/11/2024,2:45:00 PM CDT,273,2.35,debit,"buy to open 1 x $600 call exp. 11/22/2024 (42 DTE); sell to open 1 x $610 call exp. 11/22/2024 (42 DTE)"
11/1/2024,2:45:00 PM CDT,273,0.65,credit,"sell to close 1 x $600 call exp. 11/22/2024 (21 DTE); buy to close 1 x $610 call exp. 11/22/2024 (21 DTE)"
11/1/2024,2:45:00 PM CDT,274,3.92,debit,"buy to open 1 x $590 call exp. 12/13/2024 (42 DTE); sell to open 1 x $605 call exp. 12/13/2024 (42 DTE)"
11/6/2024,2:45:00 PM CST,274,7.7,credit,"sell to close 1 x $590 call exp. 12/13/2024 (37 DTE); buy to close 1 x $605 call exp. 12/13/2024 (37 DTE)"
11/6/2024,2:45:00 PM CST,275,2.96,debit,"buy to open 1 x $607 call exp. 12/20/2024 (44 DTE); sell to open 1 x $620 call exp. 12/20/2024 (44 DTE)"
11/29/2024,2:45:00 PM CST,275,3.77,credit,"sell to close 1 x $607 call exp. 12/20/2024 (21 DTE); buy to close 1 x $620 call exp. 12/20/2024 (21 DTE)"
11/29/2024,2:45:00 PM CST,276,2.13,debit,"buy to open 1 x $616 call exp. 1/10/2025 (42 DTE); sell to open 1 x $625 call exp. 1/10/2025 (42 DTE)"
12/20/2024,2:45:00 PM CST,276,0.35,credit,"sell to close 1 x $616 call exp. 1/10/2025 (21 DTE); buy to close 1 x $625 call exp. 1/10/2025 (21 DTE)"
12/20/2024,2:45:00 PM CST,277,2.93,debit,"buy to open 1 x $610 call exp. 1/31/2025 (42 DTE); sell to open 1 x $622 call exp. 1/31/2025 (42 DTE)"
1/10/2025,2:45:00 PM CST,277,0.34,credit,"sell to close 1 x $610 call exp. 1/31/2025 (21 DTE); buy to close 1 x $622 call exp. 1/31/2025 (21 DTE)"
1/10/2025,2:45:00 PM CST,278,3.43,debit,"buy to open 1 x $598 call exp. 2/21/2025 (42 DTE); sell to open 1 x $612 call exp. 2/21/2025 (42 DTE)"
1/15/2025,2:45:00 PM CST,278,5.83,credit,"sell to close 1 x $598 call exp. 2/21/2025 (37 DTE); buy to close 1 x $612 call exp. 2/21/2025 (37 DTE)"
1/15/2025,2:45:00 PM CST,279,2.91,debit,"buy to open 1 x $610 call exp. 2/28/2025 (44 DTE); sell to open 1 x $622 call exp. 2/28/2025 (44 DTE)"
1/22/2025,2:45:00 PM CST,279,5.32,credit,"sell to close 1 x $610 call exp. 2/28/2025 (37 DTE); buy to close 1 x $622 call exp. 2/28/2025 (37 DTE)"
1/22/2025,2:45:00 PM CST,280,2.58,debit,"buy to open 1 x $621 call exp. 2/28/2025 (37 DTE); sell to open 1 x $632 call exp. 2/28/2025 (37 DTE)"
2/7/2025,2:45:00 PM CST,280,0.63,credit,"sell to close 1 x $621 call exp. 2/28/2025 (21 DTE); buy to close 1 x $632 call exp. 2/28/2025 (21 DTE)"
2/7/2025,2:45:00 PM CST,281,2.16,debit,"buy to open 1 x $617 call exp. 3/21/2025 (42 DTE); sell to open 1 x $625 call exp. 3/21/2025 (42 DTE)"
2/19/2025,2:45:00 PM CST,281,3.43,credit,"sell to close 1 x $617 call exp. 3/21/2025 (30 DTE); buy to close 1 x $625 call exp. 3/21/2025 (30 DTE)"
2/19/2025,2:45:00 PM CST,282,2.39,debit,"buy to open 1 x $626 call exp. 4/4/2025 (44 DTE); sell to open 1 x $635 call exp. 4/4/2025 (44 DTE)"
3/14/2025,2:45:00 PM CDT,282,0.01,debit,"sell to close 1 x $626 call exp. 4/4/2025 (21 DTE); buy to close 1 x $635 call exp. 4/4/2025 (21 DTE)"
3/14/2025,2:45:00 PM CDT,283,4.02,debit,"buy to open 1 x $581 call exp. 4/30/2025 (47 DTE); sell to open 1 x $596 call exp. 4/30/2025 (47 DTE)"
4/9/2025,2:45:00 PM CDT,283,0.68,credit,"sell to close 1 x $581 call exp. 4/30/2025 (21 DTE); buy to close 1 x $596 call exp. 4/30/2025 (21 DTE)"
4/9/2025,2:45:00 PM CDT,284,4.54,debit,"buy to open 1 x $567.5 call exp. 5/23/2025 (44 DTE); sell to open 1 x $585 call exp. 5/23/2025 (44 DTE)"
5/2/2025,2:45:00 PM CDT,284,7.8,credit,"sell to close 1 x $567.5 call exp. 5/23/2025 (21 DTE); buy to close 1 x $585 call exp. 5/23/2025 (21 DTE)"
5/2/2025,2:45:00 PM CDT,285,3.21,debit,"buy to open 1 x $588 call exp. 6/13/2025 (42 DTE); sell to open 1 x $600 call exp. 6/13/2025 (42 DTE)"
5/13/2025,2:45:00 PM CDT,285,6.13,credit,"sell to close 1 x $588 call exp. 6/13/2025 (31 DTE); buy to close 1 x $600 call exp. 6/13/2025 (31 DTE)"
5/13/2025,2:45:00 PM CDT,286,3.37,debit,"buy to open 1 x $605 call exp. 6/27/2025 (45 DTE); sell to open 1 x $620 call exp. 6/27/2025 (45 DTE)"
6/6/2025,2:45:00 PM CDT,286,3.89,credit,"sell to close 1 x $605 call exp. 6/27/2025 (21 DTE); buy to close 1 x $620 call exp. 6/27/2025 (21 DTE)"
6/6/2025,2:45:00 PM CDT,287,3.07,debit,"buy to open 1 x $616 call exp. 7/18/2025 (42 DTE); sell to open 1 x $630 call exp. 7/18/2025 (42 DTE)"
6/26/2025,2:45:00 PM CDT,287,4.77,credit,"sell to close 1 x $616 call exp. 7/18/2025 (22 DTE); buy to close 1 x $630 call exp. 7/18/2025 (22 DTE)"
6/27/2025,2:45:00 PM CDT,288,3.58,debit,"buy to open 1 x $630 call exp. 8/8/2025 (42 DTE); sell to open 1 x $645 call exp. 8/8/2025 (42 DTE)"
7/3/2025,2:45:00 PM CDT,288,6.24,credit,"sell to close 1 x $630 call exp. 8/8/2025 (36 DTE); buy to close 1 x $645 call exp. 8/8/2025 (36 DTE)"
7/8/2025,2:45:00 PM CDT,289,3.39,debit,"buy to open 1 x $640 call exp. 8/22/2025 (45 DTE); sell to open 1 x $655 call exp. 8/22/2025 (45 DTE)"
7/24/2025,2:45:00 PM CDT,289,5.28,credit,"sell to close 1 x $640 call exp. 8/22/2025 (29 DTE); buy to close 1 x $655 call exp. 8/22/2025 (29 DTE)"
7/25/2025,2:45:00 PM CDT,290,2.3,debit,"buy to open 1 x $655 call exp. 9/5/2025 (42 DTE); sell to open 1 x $665 call exp. 9/5/2025 (42 DTE)"
8/15/2025,2:45:00 PM CDT,290,1.98,credit,"sell to close 1 x $655 call exp. 9/5/2025 (21 DTE); buy to close 1 x $665 call exp. 9/5/2025 (21 DTE)"
8/15/2025,2:45:00 PM CDT,291,2.69,debit,"buy to open 1 x $659 call exp. 9/30/2025 (46 DTE); sell to open 1 x $670 call exp. 9/30/2025 (46 DTE)"
9/9/2025,2:45:00 PM CDT,291,1.98,credit,"sell to close 1 x $659 call exp. 9/30/2025 (21 DTE); buy to close 1 x $670 call exp. 9/30/2025 (21 DTE)"
9/9/2025,2:45:00 PM CDT,292,3.21,debit,"buy to open 1 x $664 call exp. 10/24/2025 (45 DTE); sell to open 1 x $676 call exp. 10/24/2025 (45 DTE)"
9/15/2025,2:45:00 PM CDT,292,5.15,credit,"sell to close 1 x $664 call exp. 10/24/2025 (39 DTE); buy to close 1 x $676 call exp. 10/24/2025 (39 DTE)"
9/15/2025,2:45:00 PM CDT,293,3.4,debit,"buy to open 1 x $676 call exp. 10/31/2025 (46 DTE); sell to open 1 x $690 call exp. 10/31/2025 (46 DTE)"
10/2/2025,2:45:00 PM CDT,293,5.18,credit,"sell to close 1 x $676 call exp. 10/31/2025 (29 DTE); buy to close 1 x $690 call exp. 10/31/2025 (29 DTE)"
10/3/2025,2:45:00 PM CDT,294,3.07,debit,"buy to open 1 x $688 call exp. 11/14/2025 (42 DTE); sell to open 1 x $700 call exp. 11/14/2025 (42 DTE)"
10/24/2025,2:45:00 PM CDT,294,3.02,credit,"sell to close 1 x $688 call exp. 11/14/2025 (21 DTE); buy to close 1 x $700 call exp. 11/14/2025 (21 DTE)"
10/24/2025,2:45:00 PM CDT,295,3.38,debit,"buy to open 1 x $696 call exp. 12/5/2025 (42 DTE); sell to open 1 x $710 call exp. 12/5/2025 (42 DTE)"
10/28/2025,2:45:00 PM CDT,295,5.3,credit,"sell to close 1 x $696 call exp. 12/5/2025 (38 DTE); buy to close 1 x $710 call exp. 12/5/2025 (38 DTE)"
10/28/2025,2:45:00 PM CDT,296,3.58,debit,"buy to open 1 x $710 call exp. 12/19/2025 (52 DTE); sell to open 1 x $725 call exp. 12/19/2025 (52 DTE)"
11/28/2025,2:45:00 PM CST,296,0.53,credit,"sell to close 1 x $710 call exp. 12/19/2025 (21 DTE); buy to close 1 x $725 call exp. 12/19/2025 (21 DTE)"
11/28/2025,2:45:00 PM CST,297,3.75,debit,"buy to open 1 x $699 call exp. 1/9/2026 (42 DTE); sell to open 1 x $715 call exp. 1/9/2026 (42 DTE)"
12/19/2025,2:45:00 PM CST,297,0.91,credit,"sell to close 1 x $699 call exp. 1/9/2026 (21 DTE); buy to close 1 x $715 call exp. 1/9/2026 (21 DTE)"
12/19/2025,2:45:00 PM CST,298,3.05,debit,"buy to open 1 x $698 call exp. 1/30/2026 (42 DTE); sell to open 1 x $711 call exp. 1/30/2026 (42 DTE)"
12/24/2025,2:45:00 PM CST,298,4.81,credit,"sell to close 1 x $698 call exp. 1/30/2026 (37 DTE); buy to close 1 x $711 call exp. 1/30/2026 (37 DTE)"
12/26/2025,2:45:00 PM CST,299,2.78,debit,"buy to open 1 x $708 call exp. 2/6/2026 (42 DTE); sell to open 1 x $720 call exp. 2/6/2026 (42 DTE)"
1/16/2026,2:45:00 PM CST,299,1.52,credit,"sell to close 1 x $708 call exp. 2/6/2026 (21 DTE); buy to close 1 x $720 call exp. 2/6/2026 (21 DTE)"
1/16/2026,2:45:00 PM CST,300,3.04,debit,"buy to open 1 x $710 call exp. 2/27/2026 (42 DTE); sell to open 1 x $722 call exp. 2/27/2026 (42 DTE)"
2/6/2026,2:45:00 PM CST,300,1.36,credit,"sell to close 1 x $710 call exp. 2/27/2026 (21 DTE); buy to close 1 x $722 call exp. 2/27/2026 (21 DTE)"
2/6/2026,2:45:00 PM CST,301,3.06,debit,"buy to open 1 x $710 call exp. 3/20/2026 (42 DTE); sell to open 1 x $721 call exp. 3/20/2026 (42 DTE)"
2/26/2026,2:45:00 PM CST,301,1.08,credit,"sell to close 1 x $710 call exp. 3/20/2026 (22 DTE); buy to close 1 x $721 call exp. 3/20/2026 (22 DTE)"
2/27/2026,2:45:00 PM CST,302,3.73,debit,"buy to open 1 x $703 call exp. 4/10/2026 (42 DTE); sell to open 1 x $715 call exp. 4/10/2026 (42 DTE)"
3/20/2026,2:45:00 PM CDT,302,0.08,credit,"sell to close 1 x $703 call exp. 4/10/2026 (21 DTE); buy to close 1 x $715 call exp. 4/10/2026 (21 DTE)"
3/20/2026,2:45:00 PM CDT,303,5.17,debit,"buy to open 1 x $674 call exp. 5/1/2026 (42 DTE); sell to open 1 x $691 call exp. 5/1/2026 (42 DTE)"
4/8/2026,2:45:00 PM CDT,303,8.99,credit,"sell to close 1 x $674 call exp. 5/1/2026 (23 DTE); buy to close 1 x $691 call exp. 5/1/2026 (23 DTE)"
4/8/2026,2:45:00 PM CDT,304,2.63,debit,"buy to open 1 x $700 call exp. 5/22/2026 (44 DTE); sell to open 1 x $710 call exp. 5/22/2026 (44 DTE)"
4/14/2026,2:45:00 PM CDT,304,4.85,credit,"sell to close 1 x $700 call exp. 5/22/2026 (38 DTE); buy to close 1 x $710 call exp. 5/22/2026 (38 DTE)"
4/14/2026,2:45:00 PM CDT,305,3.65,debit,"buy to open 1 x $715 call exp. 5/29/2026 (45 DTE); sell to open 1 x $730 call exp. 5/29/2026 (45 DTE)"
4/17/2026,2:45:00 PM CDT,305,6.8,credit,"sell to close 1 x $715 call exp. 5/29/2026 (42 DTE); buy to close 1 x $730 call exp. 5/29/2026 (42 DTE)"
4/17/2026,2:45:00 PM CDT,306,3.35,debit,"buy to open 1 x $731 call exp. 5/29/2026 (42 DTE); sell to open 1 x $745 call exp. 5/29/2026 (42 DTE)"
5/5/2026,2:45:00 PM CDT,306,5.46,credit,"sell to close 1 x $731 call exp. 5/29/2026 (24 DTE); buy to close 1 x $745 call exp. 5/29/2026 (24 DTE)"
5/5/2026,2:45:00 PM CDT,307,3.67,debit,"buy to open 1 x $746 call exp. 6/18/2026 (44 DTE); sell to open 1 x $760 call exp. 6/18/2026 (44 DTE)"
5/8/2026,2:45:00 PM CDT,307,5.68,credit,"sell to close 1 x $746 call exp. 6/18/2026 (41 DTE); buy to close 1 x $760 call exp. 6/18/2026 (41 DTE)"
5/8/2026,2:45:00 PM CDT,308,3.69,debit,"buy to open 1 x $760 call exp. 6/26/2026 (49 DTE); sell to open 1 x $775 call exp. 6/26/2026 (49 DTE)"
6/1/2026,2:45:00 PM CDT,308,6.47,credit,"sell to close 1 x $760 call exp. 6/26/2026 (25 DTE); buy to close 1 x $775 call exp. 6/26/2026 (25 DTE)"
6/1/2026,2:45:00 PM CDT,309,4.11,debit,"buy to open 1 x $779 call exp. 7/17/2026 (46 DTE); sell to open 1 x $796 call exp. 7/17/2026 (46 DTE)"
6/26/2026,2:45:00 PM CDT,309,0.08,credit,"sell to close 1 x $779 call exp. 7/17/2026 (21 DTE); buy to close 1 x $796 call exp. 7/17/2026 (21 DTE)"
