No.,Opened,Closed,Premium,Profit/loss,Underlying Price at Open,Underlying Price at Close,Close reason,Buying power,Fees,ROI
1,1/2/2013,1/4/2013,30,15.73,146.05,146.2,take profit,2860,1.27,0.55
2,1/4/2013,1/9/2013,30,18.73,146.2,145.95,take profit,2890,1.27,0.65
3,1/9/2013,1/11/2013,36,20.73,145.95,147.07,take profit,2880,1.27,0.72
4,1/11/2013,1/17/2013,24,18.73,147.07,147.99,take profit,2900,1.27,0.65
5,1/17/2013,1/22/2013,35,26.73,147.99,149.33,take profit,2920,1.27,0.92
6,1/22/2013,1/28/2013,32,19.73,149.33,150.07,take profit,2940,1.27,0.67
7,1/28/2013,2/1/2013,21,18.73,150.07,151.06,take profit,2960,1.27,0.63
8,2/1/2013,2/6/2013,22,12.73,151.06,151.08,take profit,2980,1.27,0.43
9,2/6/2013,2/11/2013,41,23.73,151.08,151.72,take profit,2980,1.27,0.8
10,2/11/2013,2/13/2013,24,14.73,151.72,152.14,take profit,3000,1.27,0.49
11,2/13/2013,2/19/2013,33,25.73,152.14,153.19,take profit,3000,1.27,0.86
12,2/19/2013,2/25/2013,39,-206.27,153.19,149.2,stop loss,3020,1.27,-6.83
13,2/25/2013,2/26/2013,49,30.73,149.2,149.69,take profit,2920,1.27,1.05
14,2/26/2013,2/27/2013,58,35.73,149.69,151.545,take profit,2920,1.27,1.22
15,2/27/2013,3/4/2013,47,34.73,151.545,153,take profit,2980,1.27,1.17
16,3/4/2013,3/5/2013,30,17.73,153,154.16,take profit,3030,1.27,0.59
17,3/5/2013,3/8/2013,44,30.73,154.16,155.43,take profit,3020,1.27,1.02
18,3/8/2013,3/13/2013,30,21.73,155.43,156.02,take profit,3060,1.27,0.71
19,3/13/2013,3/15/2013,34,17.73,156.02,155.882,take profit,3060,1.27,0.58
20,3/15/2013,3/22/2013,25,22.73,155.882,155.66,take profit,3080,1.27,0.74
21,3/22/2013,3/26/2013,41,33.73,155.66,156.12,take profit,3060,1.27,1.1
22,3/26/2013,4/1/2013,33,17.73,156.12,155.95,take profit,3060,1.27,0.58
23,4/1/2013,4/2/2013,24,13.73,155.95,156.9,take profit,3080,1.27,0.45
24,4/2/2013,4/9/2013,35,23.73,156.9,156.77,take profit,3080,1.27,0.77
25,4/9/2013,4/10/2013,42,26.73,156.77,158.7,take profit,3080,1.27,0.87
26,4/10/2013,4/15/2013,31,-163.27,158.7,154.92,stop loss,3120,1.27,-5.23
27,4/15/2013,4/16/2013,50,41.73,154.92,157.41,take profit,3020,1.27,1.38
28,4/16/2013,4/23/2013,46,36.73,157.41,157.71,take profit,3080,1.27,1.19
29,4/23/2013,4/29/2013,32,21.73,157.71,159.29,take profit,3080,1.27,0.71
30,4/29/2013,5/2/2013,27,20.73,159.29,159.76,take profit,3140,1.27,0.66
31,5/2/2013,5/3/2013,39,26.73,159.76,161.37,take profit,3140,1.27,0.85
32,5/3/2013,5/7/2013,28,19.73,161.37,162.58,take profit,3180,1.27,0.62
33,5/7/2013,5/10/2013,40,20.73,162.58,163.45,take profit,3200,1.27,0.65
34,5/10/2013,5/14/2013,32,20.73,163.45,165.29,take profit,3230,1.27,0.64
35,5/14/2013,5/17/2013,41,26.73,165.29,166.9,take profit,3240,1.27,0.83
36,5/17/2013,5/24/2013,36,33.73,166.9,165.6,take profit,3290,1.27,1.03
37,5/24/2013,5/30/2013,32,25.73,165.6,165.87,take profit,3260,1.27,0.79
38,5/30/2013,6/7/2013,42,39.73,165.87,164.51,take profit,3250,1.27,1.22
39,6/7/2013,6/13/2013,35,27.73,164.51,164.24,take profit,3230,1.27,0.86
40,6/13/2013,6/18/2013,67,38.73,164.24,165.72,take profit,3220,1.27,1.2
41,6/18/2013,6/20/2013,88,-293.27,165.72,159.68,stop loss,3240,1.27,-9.05
42,6/20/2013,6/25/2013,95,66.73,159.68,158.58,take profit,3100,1.27,2.15
43,6/25/2013,6/26/2013,61,31.73,158.58,159.98,take profit,3080,1.27,1.03
44,6/26/2013,7/1/2013,51,40.73,159.98,161.12,take profit,3120,1.27,1.31
45,7/1/2013,7/3/2013,32,17.73,161.12,161.47,take profit,3170,1.27,0.56
46,7/3/2013,7/5/2013,54,40.73,161.47,163.23,take profit,3160,1.27,1.29
47,7/5/2013,7/9/2013,34,26.73,163.23,165.04,take profit,3210,1.27,0.83
48,7/9/2013,7/11/2013,50,33.73,165.04,167.44,take profit,3240,1.27,1.04
49,7/11/2013,7/15/2013,37,21.73,167.44,168.2,take profit,3290,1.27,0.66
50,7/15/2013,7/17/2013,29,15.73,168.2,167.98,take profit,3320,1.27,0.47
51,7/17/2013,7/19/2013,37,24.73,167.98,169.4,take profit,3300,1.27,0.75
52,7/19/2013,7/25/2013,27,19.73,169.4,168.8,take profit,3340,1.27,0.59
53,7/25/2013,7/31/2013,39,24.73,168.8,168.95,take profit,3320,1.27,0.74
54,7/31/2013,8/1/2013,46,26.73,168.95,170.55,take profit,3320,1.27,0.81
55,8/1/2013,8/2/2013,39,20.73,170.55,170.9,take profit,3360,1.27,0.62
56,8/2/2013,8/9/2013,29,25.73,170.9,169.06,take profit,3380,1.27,0.76
57,8/9/2013,8/13/2013,39,27.73,169.06,169.57,take profit,3330,1.27,0.83
58,8/13/2013,8/19/2013,51,-176.27,169.57,164.95,stop loss,3340,1.27,-5.28
59,8/19/2013,8/20/2013,34,18.73,164.95,165.6,take profit,3250,1.27,0.58
60,8/20/2013,8/23/2013,48,35.73,165.6,166.65,take profit,3240,1.27,1.1
61,8/23/2013,8/27/2013,31,-127.27,166.65,163.35,stop loss,3290,1.27,-3.87
62,8/27/2013,9/3/2013,44,35.73,163.35,164.38,take profit,3180,1.27,1.12
63,9/3/2013,9/4/2013,51,26.73,164.38,165.95,take profit,3210,1.27,0.83
64,9/4/2013,9/9/2013,45,34.73,165.95,167.53,take profit,3250,1.27,1.07
65,9/9/2013,9/10/2013,35,23.73,167.53,168.83,take profit,3310,1.27,0.72
66,9/10/2013,9/13/2013,54,27.73,168.83,169.43,take profit,3300,1.27,0.84
67,9/13/2013,9/17/2013,38,21.73,169.43,171.07,take profit,3320,1.27,0.65
68,9/17/2013,9/18/2013,47,29.73,171.07,173,take profit,3330,1.27,0.89
69,9/18/2013,9/26/2013,40,23.73,173,169.7,take profit,3380,1.27,0.7
70,9/26/2013,10/1/2013,39,23.73,169.7,169.42,take profit,3330,1.27,0.71
71,10/1/2013,10/10/2013,52,44.73,169.42,169,take profit,3320,1.27,1.35
72,10/10/2013,10/14/2013,52,26.73,169,170.95,take profit,3300,1.27,0.81
73,10/14/2013,10/16/2013,42,28.73,170.95,171.81,take profit,3350,1.27,0.86
74,10/16/2013,10/17/2013,50,32.73,171.81,173.32,take profit,3360,1.27,0.97
75,10/17/2013,10/21/2013,35,22.73,173.32,174.33,take profit,3410,1.27,0.67
76,10/21/2013,10/22/2013,28,14.73,174.33,175.45,take profit,3450,1.27,0.43
77,10/22/2013,10/25/2013,41,21.73,175.45,175.86,take profit,3450,1.27,0.63
78,10/25/2013,10/29/2013,29,17.73,175.86,177.21,take profit,3470,1.27,0.51
79,10/29/2013,11/4/2013,42,24.73,177.21,176.79,take profit,3480,1.27,0.71
80,11/4/2013,11/6/2013,29,14.73,176.79,177.08,take profit,3500,1.27,0.42
81,11/6/2013,11/12/2013,34,18.73,177.08,177.03,take profit,3480,1.27,0.54
82,11/12/2013,11/14/2013,49,32.73,177.03,179.29,take profit,3480,1.27,0.94
83,11/14/2013,11/18/2013,33,16.73,179.29,179.38,take profit,3530,1.27,0.47
84,11/18/2013,11/21/2013,26,20.73,179.38,179.88,take profit,3550,1.27,0.58
85,11/21/2013,11/25/2013,33,22.73,179.88,180.75,take profit,3560,1.27,0.64
86,11/25/2013,11/27/2013,23,13.73,180.75,180.95,take profit,3590,1.27,0.38
87,11/27/2013,12/6/2013,41,38.73,180.95,181.02,take profit,3570,1.27,1.08
88,12/6/2013,12/13/2013,32,-13.14,181.02,178.11,exercised,3570,6.14,-0.37
89,12/16/2013,12/18/2013,48,39.73,179.23,181.65,take profit,3500,1.27,1.14
90,12/18/2013,12/20/2013,45,25.73,181.65,181.69,take profit,3560,1.27,0.72
91,12/20/2013,12/23/2013,29,18.73,181.69,182.51,take profit,3590,1.27,0.52
92,12/23/2013,12/26/2013,30,19.73,182.51,183.83,take profit,3600,1.27,0.55
93,12/26/2013,12/31/2013,31,21.73,183.83,184.88,take profit,3630,1.27,0.6
94,12/31/2013,1/8/2014,45,30.73,184.88,183.65,take profit,3630,1.27,0.85
95,1/8/2014,1/10/2014,41,21.73,183.65,184.13,take profit,3620,1.27,0.6
96,1/10/2014,1/15/2014,30,21.73,184.13,184.55,take profit,3640,1.27,0.6
97,1/15/2014,1/22/2014,37,28.73,184.55,184.31,take profit,3640,1.27,0.79
98,1/22/2014,1/24/2014,40,-265.27,184.31,178.6,stop loss,3620,1.27,-7.33
99,1/24/2014,1/28/2014,69,54.73,178.6,179.26,take profit,3490,1.27,1.57
100,1/28/2014,2/7/2014,60,57.73,179.26,179.88,take profit,3500,1.27,1.65
101,2/7/2014,2/11/2014,44,37.73,179.88,181.88,take profit,3530,1.27,1.07
102,2/11/2014,2/14/2014,42,33.73,181.88,184,take profit,3560,1.27,0.95
103,2/14/2014,2/20/2014,26,19.73,184,184.11,take profit,3630,1.27,0.54
104,2/20/2014,2/24/2014,37,22.73,184.11,185.11,take profit,3620,1.27,0.63
105,2/24/2014,2/27/2014,32,27.73,185.11,185.91,take profit,3660,1.27,0.76
106,2/27/2014,3/4/2014,40,29.73,185.91,187.65,take profit,3660,1.27,0.81
107,3/4/2014,3/10/2014,46,33.73,187.65,188.22,take profit,3680,1.27,0.92
108,3/10/2014,3/14/2014,28,-97.27,188.22,184.53,stop loss,3720,1.27,-2.61
109,3/14/2014,3/17/2014,74,58.73,184.53,186.32,take profit,3580,1.27,1.64
110,3/17/2014,3/18/2014,48,30.73,186.32,187.57,take profit,3660,1.27,0.84
111,3/18/2014,3/25/2014,55,39.73,187.57,186.39,take profit,3660,1.27,1.09
112,3/25/2014,3/31/2014,37,34.73,186.39,186.82,take profit,3680,1.27,0.94
113,3/31/2014,4/1/2014,33,23.73,186.82,188.3,take profit,3680,1.27,0.64
114,4/1/2014,4/9/2014,48,30.73,188.3,187.01,take profit,3700,1.27,0.83
115,4/9/2014,4/10/2014,43,-149.27,187.01,183.26,stop loss,3680,1.27,-4.06
116,4/10/2014,4/14/2014,54,29.73,183.26,183.02,take profit,3590,1.27,0.83
117,4/14/2014,4/15/2014,37,23.73,183.02,184.56,take profit,3610,1.27,0.66
118,4/15/2014,4/17/2014,57,42.73,184.56,186.37,take profit,3610,1.27,1.18
119,4/17/2014,4/21/2014,37,20.73,186.37,186.99,take profit,3670,1.27,0.56
120,4/21/2014,4/22/2014,25,15.73,186.99,187.94,take profit,3690,1.27,0.43
121,4/22/2014,4/29/2014,48,24.73,187.94,187.7,take profit,3690,1.27,0.67
122,4/29/2014,5/2/2014,52,31.73,187.7,188,take profit,3680,1.27,0.86
123,5/2/2014,5/7/2014,35,18.73,188,188,take profit,3710,1.27,0.5
124,5/7/2014,5/12/2014,54,44.73,188,189.85,take profit,3700,1.27,1.21
125,5/12/2014,5/16/2014,30,26.73,189.85,188.07,take profit,3760,1.27,0.71
126,5/16/2014,5/19/2014,34,19.73,188.07,188.82,take profit,3710,1.27,0.53
127,5/19/2014,5/21/2014,29,16.73,188.82,189.11,take profit,3740,1.27,0.45
128,5/21/2014,5/23/2014,37,23.73,189.11,190.25,take profit,3730,1.27,0.64
129,5/23/2014,5/27/2014,24,14.73,190.25,191.5,take profit,3760,1.27,0.39
130,5/27/2014,5/30/2014,39,25.73,191.5,192.63,take profit,3770,1.27,0.68
131,5/30/2014,6/5/2014,29,24.73,192.63,194.47,take profit,3810,1.27,0.65
132,6/5/2014,6/6/2014,38,24.73,194.47,195.51,take profit,3840,1.27,0.64
133,6/6/2014,6/10/2014,27,13.73,195.51,195.65,take profit,3870,1.27,0.35
134,6/10/2014,6/18/2014,35,27.73,195.65,196.3,take profit,3840,1.27,0.72
135,6/18/2014,6/23/2014,38,23.73,196.3,195.78,take profit,3860,1.27,0.61
136,6/23/2014,6/27/2014,32,22.73,195.78,195.67,take profit,3880,1.27,0.59
137,6/27/2014,7/1/2014,29,22.73,195.67,197.03,take profit,3870,1.27,0.59
138,7/1/2014,7/3/2014,36,21.73,197.03,198.25,take profit,3890,1.27,0.56
139,7/3/2014,7/11/2014,30,27.73,198.25,196.72,take profit,3930,1.27,0.71
140,7/11/2014,7/14/2014,33,17.73,196.72,197.55,take profit,3880,1.27,0.46
141,7/14/2014,7/16/2014,25,14.73,197.55,198,take profit,3910,1.27,0.38
142,7/16/2014,7/22/2014,41,23.73,198,198.06,take profit,3910,1.27,0.61
143,7/22/2014,8/1/2014,52,-215.27,198.06,192.39,stop loss,3900,1.27,-5.52
144,8/1/2014,8/4/2014,60,45.73,192.39,193.74,take profit,3750,1.27,1.22
145,8/4/2014,8/8/2014,39,36.73,193.74,192.96,take profit,3820,1.27,0.96
146,8/8/2014,8/11/2014,54,32.73,192.96,193.85,take profit,3790,1.27,0.86
147,8/11/2014,8/13/2014,35,28.73,193.85,194.98,take profit,3820,1.27,0.75
148,8/13/2014,8/18/2014,52,41.73,194.98,195.74,take profit,3840,1.27,1.09
149,8/18/2014,8/19/2014,36,20.73,195.74,198.427,take profit,3910,1.27,0.53
150,8/19/2014,8/22/2014,46,29.73,198.427,199.19,take profit,3910,1.27,0.76
151,8/22/2014,8/25/2014,23,11.73,199.19,200.06,take profit,3930,1.27,0.3
152,8/25/2014,8/27/2014,21,12.73,200.06,200.31,take profit,3960,1.27,0.32
153,8/27/2014,9/2/2014,26,15.73,200.31,200.54,take profit,3940,1.27,0.4
154,9/2/2014,9/5/2014,32,16.73,200.54,201.16,take profit,3940,1.27,0.42
155,9/5/2014,9/11/2014,29,20.73,201.16,200.27,take profit,3980,1.27,0.52
156,9/11/2014,9/17/2014,49,33.73,200.27,200.75,take profit,3930,1.27,0.86
157,9/17/2014,9/19/2014,44,29.73,200.75,200.88,take profit,3930,1.27,0.76
158,9/19/2014,9/23/2014,29,-103.27,200.88,197.72,stop loss,3970,1.27,-2.6
159,9/23/2014,9/24/2014,44,29.73,197.72,199.52,take profit,3880,1.27,0.77
160,9/24/2014,9/30/2014,36,28.73,199.52,196.92,take profit,3940,1.27,0.73
161,9/30/2014,10/3/2014,69,37.73,196.92,196.52,take profit,3840,1.27,0.98
162,10/3/2014,10/8/2014,42,28.73,196.52,196.79,take profit,3860,1.27,0.74
163,10/8/2014,10/10/2014,61,-302.27,196.79,190.18,stop loss,3860,1.27,-7.83
164,10/10/2014,10/15/2014,85,-46.27,190.18,186.425,reached minimum exit VIX,3710,1.27,-1.25
165,10/17/2014,10/20/2014,83,58.73,188.69,190.36,take profit,3670,1.27,1.6
166,10/20/2014,10/21/2014,53,42.73,190.36,193.71,take profit,3730,1.27,1.15
167,10/21/2014,10/24/2014,68,50.73,193.71,196.36,take profit,3770,1.27,1.35
168,10/24/2014,10/28/2014,47,37.73,196.36,198.41,take profit,3850,1.27,0.98
169,10/28/2014,10/31/2014,61,46.73,198.41,201.745,take profit,3890,1.27,1.2
170,10/31/2014,11/5/2014,47,36.73,201.745,202.39,take profit,3970,1.27,0.93
171,11/5/2014,11/7/2014,57,37.73,202.39,203.19,take profit,3980,1.27,0.95
172,11/7/2014,11/10/2014,31,15.73,203.19,203.84,take profit,4010,1.27,0.39
173,11/10/2014,11/13/2014,29,17.73,203.84,204.05,take profit,4040,1.27,0.44
174,11/13/2014,11/18/2014,41,31.73,204.05,205.55,take profit,4020,1.27,0.79
175,11/18/2014,11/21/2014,41,26.73,205.55,206.54,take profit,4050,1.27,0.66
176,11/21/2014,11/24/2014,27,14.73,206.54,207.26,take profit,4090,1.27,0.36
177,11/24/2014,11/26/2014,18,12.73,207.26,207.79,take profit,4110,1.27,0.31
178,11/26/2014,12/3/2014,41,25.73,207.79,208.005,take profit,4100,1.27,0.63
179,12/3/2014,12/10/2014,51,-183.27,208.005,203.02,stop loss,4100,1.27,-4.47
180,12/10/2014,12/17/2014,85,66.73,203.02,201.96,take profit,3910,1.27,1.71
181,12/17/2014,12/18/2014,73,56.73,201.96,206.41,take profit,3930,1.27,1.44
182,12/18/2014,12/19/2014,103,52.73,206.41,206.47,take profit,4080,1.27,1.29
183,12/19/2014,12/22/2014,40,25.73,206.47,207.23,take profit,4070,1.27,0.63
184,12/22/2014,12/26/2014,38,21.73,207.23,208.57,take profit,4080,1.27,0.53
185,12/26/2014,1/2/2015,42,-21.14,208.57,205.43,exercised,4120,6.14,-0.51
186,1/5/2015,1/7/2015,52,31.73,201.95,202.37,take profit,3960,1.27,0.8
187,1/7/2015,1/8/2015,75,51.73,202.37,205.77,take profit,3950,1.27,1.31
188,1/8/2015,1/15/2015,59,-211.27,205.77,199.05,stop loss,4030,1.27,-5.24
189,1/15/2015,1/16/2015,90,52.73,199.05,201.69,take profit,3860,1.27,1.37
190,1/16/2015,1/20/2015,78,41.73,201.69,202.02,take profit,3930,1.27,1.06
191,1/20/2015,1/22/2015,91,74.73,202.02,206,take profit,3910,1.27,1.91
192,1/22/2015,1/26/2015,58,32.73,206,205.73,take profit,4030,1.27,0.81
193,1/26/2015,1/28/2015,42,-270.27,205.73,200.22,stop loss,4060,1.27,-6.66
194,1/28/2015,1/29/2015,80,40.73,200.22,201.92,take profit,3880,1.27,1.05
195,1/29/2015,2/3/2015,77,67.73,201.92,204.7,take profit,3940,1.27,1.72
196,2/3/2015,2/9/2015,68,38.73,204.7,204.71,take profit,3990,1.27,0.97
197,2/9/2015,2/10/2015,47,33.73,204.71,206.9,take profit,4020,1.27,0.84
198,2/10/2015,2/12/2015,70,51.73,206.9,208.885,take profit,4050,1.27,1.28
199,2/12/2015,2/17/2015,44,26.73,208.885,209.94,take profit,4110,1.27,0.65
200,2/17/2015,2/20/2015,59,37.73,209.94,211.21,take profit,4120,1.27,0.92
201,2/20/2015,2/24/2015,42,28.73,211.21,211.78,take profit,4170,1.27,0.69
202,2/24/2015,3/2/2015,47,29.73,211.78,212.005,take profit,4170,1.27,0.71
203,3/2/2015,3/6/2015,31,-233.27,212.005,207.35,stop loss,4200,1.27,-5.55
204,3/6/2015,3/9/2015,54,34.73,207.35,208.34,take profit,4070,1.27,0.85
205,3/9/2015,3/10/2015,41,-131.27,208.34,204.78,stop loss,4110,1.27,-3.19
206,3/10/2015,3/12/2015,86,56.73,204.78,206.97,take profit,3990,1.27,1.42
207,3/12/2015,3/17/2015,69,35.73,206.97,208.02,take profit,4050,1.27,0.88
208,3/17/2015,3/18/2015,100,65.73,208.02,210.61,take profit,4070,1.27,1.62
209,3/18/2015,3/20/2015,92,57.73,210.61,210.36,take profit,4150,1.27,1.39
210,3/20/2015,3/25/2015,33,-160.27,210.36,205.85,stop loss,4150,1.27,-3.86
211,3/25/2015,3/30/2015,63,55.73,205.85,208.285,take profit,4040,1.27,1.38
212,3/30/2015,4/6/2015,65,39.73,208.285,207.92,take profit,4070,1.27,0.98
213,4/6/2015,4/8/2015,43,27.73,207.92,208.11,take profit,4100,1.27,0.68
214,4/8/2015,4/10/2015,58,44.73,208.11,209.97,take profit,4090,1.27,1.09
215,4/10/2015,4/15/2015,38,26.73,209.97,210.43,take profit,4150,1.27,0.64
216,4/15/2015,4/22/2015,47,34.73,210.43,210.64,take profit,4150,1.27,0.84
217,4/22/2015,4/24/2015,50,29.73,210.64,211.64,take profit,4140,1.27,0.72
218,4/24/2015,5/1/2015,41,38.73,211.64,210.595,take profit,4180,1.27,0.93
219,5/1/2015,5/4/2015,44,23.73,210.595,211.32,take profit,4150,1.27,0.57
220,5/4/2015,5/6/2015,35,-152.27,211.32,207.72,stop loss,4180,1.27,-3.64
221,5/6/2015,5/8/2015,70,61.73,207.72,211.35,take profit,4060,1.27,1.52
222,5/8/2015,5/14/2015,42,36.73,211.35,212.21,take profit,4170,1.27,0.88
223,5/14/2015,5/18/2015,47,30.73,212.21,213.17,take profit,4180,1.27,0.74
224,5/18/2015,5/21/2015,32,25.73,213.17,213.45,take profit,4220,1.27,0.61
225,5/21/2015,5/27/2015,42,22.73,213.45,212.86,take profit,4220,1.27,0.54
226,5/27/2015,6/5/2015,49,45.73,212.86,209.83,take profit,4180,1.27,1.09
227,6/5/2015,6/10/2015,46,38.73,209.83,211.1,take profit,4120,1.27,0.94
228,6/10/2015,6/17/2015,76,46.73,211.1,210.69,take profit,4140,1.27,1.13
229,6/17/2015,6/18/2015,61,34.73,210.69,212.66,take profit,4100,1.27,0.85
230,6/18/2015,6/23/2015,95,61.73,212.66,212.065,take profit,4200,1.27,1.47
231,6/23/2015,6/29/2015,42,-299.27,212.065,205.656,stop loss,4180,1.27,-7.16
232,6/29/2015,7/1/2015,97,67.73,205.656,207.47,take profit,3960,1.27,1.71
233,7/1/2015,7/7/2015,72,54.73,207.47,207.81,take profit,4040,1.27,1.35
234,7/7/2015,7/13/2015,71,58.73,207.81,209.875,take profit,4050,1.27,1.45
235,7/13/2015,7/14/2015,42,22.73,209.875,210.73,take profit,4140,1.27,0.55
236,7/14/2015,7/16/2015,48,29.73,210.73,212.265,take profit,4130,1.27,0.72
237,7/16/2015,7/24/2015,41,-121.14,212.265,207.94,exercised,4190,6.14,-2.89
238,7/27/2015,7/28/2015,48,39.73,206.54,209.25,take profit,4060,1.27,0.98
239,7/28/2015,7/30/2015,61,38.73,209.25,210.96,take profit,4100,1.27,0.94
240,7/30/2015,8/7/2015,41,35.73,210.96,207.85,take profit,4150,1.27,0.86
241,8/7/2015,8/10/2015,49,40.73,207.85,210.41,take profit,4090,1.27,1
242,8/10/2015,8/14/2015,31,28.73,210.41,209.34,take profit,4160,1.27,0.69
243,8/14/2015,8/17/2015,47,28.73,209.34,210.475,take profit,4120,1.27,0.7
244,8/17/2015,8/20/2015,35,-351.27,210.475,204.2,stop loss,4160,1.27,-8.44
245,8/20/2015,8/21/2015,77,-305.27,204.2,197.92,stop loss,3980,1.27,-7.67
246,9/8/2015,9/9/2015,116,-80.27,197.32,194.54,reached minimum exit VIX,3790,1.27,-2.12
247,9/10/2015,9/15/2015,121,96.73,195.63,198.65,take profit,3770,1.27,2.57
248,9/15/2015,9/21/2015,108,72.73,198.65,196.29,take profit,3820,1.27,1.9
249,9/21/2015,9/28/2015,78,-251.27,196.29,188.29,stop loss,3820,1.27,-6.58
250,9/30/2015,10/2/2015,103,81.73,191.765,194.48,take profit,3710,1.27,2.2
251,10/2/2015,10/5/2015,61,46.73,194.48,198.47,take profit,3790,1.27,1.23
252,10/5/2015,10/7/2015,59,41.73,198.47,199.15,take profit,3900,1.27,1.07
253,10/7/2015,10/9/2015,70,45.73,199.15,201.18,take profit,3890,1.27,1.18
254,10/9/2015,10/15/2015,50,44.73,201.18,202.3,take profit,3950,1.27,1.13
255,10/15/2015,10/19/2015,48,32.73,202.3,203.15,take profit,3970,1.27,0.82
256,10/19/2015,10/22/2015,33,28.73,203.15,205.05,take profit,4010,1.27,0.72
257,10/22/2015,10/23/2015,53,33.73,205.05,207.52,take profit,4020,1.27,0.84
258,10/23/2015,10/28/2015,50,40.73,207.52,208.83,take profit,4090,1.27,1
259,10/28/2015,11/2/2015,60,42.73,208.83,210.24,take profit,4090,1.27,1.04
260,11/2/2015,11/6/2015,42,39.73,210.24,210.01,take profit,4150,1.27,0.96
261,11/6/2015,11/12/2015,45,-170.27,210.01,204.94,stop loss,4140,1.27,-4.11
262,11/12/2015,11/16/2015,72,40.73,204.94,205.52,take profit,4000,1.27,1.02
263,11/16/2015,11/18/2015,51,44.73,205.52,208.861,take profit,4040,1.27,1.11
264,11/18/2015,11/23/2015,55,40.73,208.861,209.11,take profit,4100,1.27,0.99
265,11/23/2015,11/25/2015,30,21.73,209.11,209.36,take profit,4140,1.27,0.52
266,11/25/2015,12/1/2015,65,47.73,209.36,210.757,take profit,4110,1.27,1.16
267,12/1/2015,12/3/2015,63,-202.27,210.757,205.53,stop loss,4130,1.27,-4.9
268,12/3/2015,12/4/2015,81,71.73,205.53,209.65,take profit,4010,1.27,1.79
269,12/4/2015,12/9/2015,50,-165.27,209.65,205.24,stop loss,4130,1.27,-4
270,12/14/2015,12/15/2015,95,49.73,202.66,205.14,take profit,3940,1.27,1.26
271,12/15/2015,12/16/2015,90,62.73,205.14,208.155,take profit,3950,1.27,1.59
272,12/16/2015,12/23/2015,70,66.73,208.155,205.971,take profit,4040,1.27,1.65
273,12/23/2015,12/29/2015,58,47.73,205.971,207.4,take profit,4060,1.27,1.18
274,12/29/2015,1/4/2016,67,-257.27,207.4,200.7,stop loss,4060,1.27,-6.34
275,1/4/2016,1/8/2016,71,-403.27,200.7,191.77,stop loss,3930,1.27,-10.26
276,1/11/2016,1/12/2016,67,39.73,192.32,193.75,take profit,3760,1.27,1.06
277,1/12/2016,1/13/2016,89,-156.27,193.75,188.93,reached minimum exit VIX,3760,1.27,-4.16
278,1/14/2016,1/15/2016,85,-120.27,191.87,187.89,reached minimum exit VIX,3710,1.27,-3.24
279,1/22/2016,1/28/2016,75,58.73,190.43,189.3,take profit,3700,1.27,1.59
280,1/28/2016,1/29/2016,76,61.73,189.3,193.47,take profit,3670,1.27,1.68
281,1/29/2016,2/5/2016,65,-46.14,193.47,187.95,exercised,3780,6.14,-1.22
282,2/16/2016,2/17/2016,89,52.73,189.46,192.87,take profit,3670,1.27,1.44
283,2/17/2016,2/22/2016,78,65.73,192.87,194.72,take profit,3750,1.27,1.75
284,2/22/2016,2/25/2016,43,36.73,194.72,195.32,take profit,3830,1.27,0.96
285,2/25/2016,3/1/2016,70,61.73,195.32,197.855,take profit,3810,1.27,1.62
286,3/1/2016,3/3/2016,78,48.73,197.855,199.765,take profit,3860,1.27,1.26
287,3/3/2016,3/7/2016,57,31.73,199.765,200.29,take profit,3910,1.27,0.81
288,3/7/2016,3/10/2016,43,24.73,200.29,199.14,take profit,3940,1.27,0.63
289,3/10/2016,3/11/2016,70,51.73,199.14,202.62,take profit,3870,1.27,1.34
290,3/11/2016,3/16/2016,58,44.73,202.62,203.29,take profit,3960,1.27,1.13
291,3/16/2016,3/17/2016,53,27.73,203.29,204.44,take profit,3970,1.27,0.7
292,3/17/2016,3/21/2016,98,66.73,204.44,204.79,take profit,4050,1.27,1.65
293,3/21/2016,3/29/2016,53,45.73,204.79,205,take profit,4020,1.27,1.14
294,3/29/2016,4/1/2016,53,38.73,205,206.915,take profit,4030,1.27,0.96
295,4/1/2016,4/8/2016,41,39.86,206.915,204.5,expired,4090,1.14,0.97
296,4/11/2016,4/12/2016,45,30.73,204.215,205.86,take profit,4030,1.27,0.76
297,4/12/2016,4/13/2016,64,37.73,205.86,207.98,take profit,4040,1.27,0.93
298,4/13/2016,4/18/2016,50,37.73,207.98,209.16,take profit,4090,1.27,0.92
299,4/18/2016,4/20/2016,34,22.73,209.16,210.17,take profit,4140,1.27,0.55
300,4/20/2016,4/27/2016,52,35.73,210.17,209.38,take profit,4130,1.27,0.87
301,4/27/2016,5/6/2016,57,22.86,209.38,205.72,exercised,4120,6.14,0.55
302,5/9/2016,5/10/2016,35,26.73,205.84,208.345,take profit,4060,1.27,0.66
303,5/10/2016,5/20/2016,54,50.73,208.345,205.38,take profit,4090,1.27,1.24
304,5/20/2016,5/24/2016,40,32.73,205.38,207.945,take profit,4040,1.27,0.81
305,5/24/2016,5/26/2016,54,31.73,207.945,209.275,take profit,4090,1.27,0.78
306,5/26/2016,5/31/2016,41,26.73,209.275,210.22,take profit,4130,1.27,0.65
307,5/31/2016,6/3/2016,56,36.73,210.22,210.39,take profit,4140,1.27,0.89
308,6/3/2016,6/7/2016,30,19.73,210.39,211.64,take profit,4160,1.27,0.47
309,6/7/2016,6/17/2016,66,-88.14,211.64,206.52,exercised,4160,6.14,-2.12
310,6/20/2016,6/24/2016,99,-77.27,207.78,204,reached minimum exit VIX,4020,1.27,-1.92
311,6/27/2016,6/28/2016,68,54.73,199.62,203.06,take profit,3900,1.27,1.4
312,6/28/2016,6/29/2016,74,46.73,203.06,206.58,take profit,3950,1.27,1.18
313,6/29/2016,6/30/2016,66,38.73,206.58,209.1,take profit,4040,1.27,0.96
314,6/30/2016,7/1/2016,60,37.73,209.1,210.13,take profit,4110,1.27,0.92
315,7/1/2016,7/7/2016,43,22.73,210.13,209.45,take profit,4150,1.27,0.55
316,7/7/2016,7/8/2016,56,42.73,209.45,212.785,take profit,4120,1.27,1.04
317,7/8/2016,7/11/2016,38,19.73,212.785,213.57,take profit,4200,1.27,0.47
318,7/11/2016,7/12/2016,35,18.73,213.57,214.99,take profit,4230,1.27,0.44
319,7/12/2016,7/14/2016,52,31.73,214.99,216.23,take profit,4230,1.27,0.75
320,7/14/2016,7/20/2016,38,30.73,216.23,217.21,take profit,4270,1.27,0.72
321,7/20/2016,7/28/2016,41,28.73,217.21,216.96,take profit,4280,1.27,0.67
322,7/28/2016,8/3/2016,44,30.73,216.96,216.12,take profit,4270,1.27,0.72
323,8/3/2016,8/5/2016,42,31.73,216.12,218.11,take profit,4250,1.27,0.75
324,8/5/2016,8/11/2016,29,23.73,218.11,218.77,take profit,4320,1.27,0.55
325,8/11/2016,8/15/2016,37,19.73,218.77,219.15,take profit,4320,1.27,0.46
326,8/15/2016,8/18/2016,23,13.73,219.15,218.77,take profit,4340,1.27,0.32
327,8/18/2016,8/26/2016,38,34.73,218.77,217.305,take profit,4320,1.27,0.8
328,8/26/2016,8/29/2016,49,29.73,217.305,218.31,take profit,4280,1.27,0.69
329,8/29/2016,9/2/2016,36,33.73,218.31,218.28,take profit,4320,1.27,0.78
330,9/2/2016,9/7/2016,33,22.73,218.28,218.945,take profit,4320,1.27,0.53
331,9/7/2016,9/9/2016,35,-274.27,218.945,213.83,stop loss,4330,1.27,-6.33
332,9/9/2016,9/12/2016,94,75.73,213.83,216.59,take profit,4190,1.27,1.81
333,9/12/2016,9/21/2016,66,63.73,216.59,215.94,take profit,4220,1.27,1.51
334,9/21/2016,9/22/2016,47,31.73,215.94,217.31,take profit,4250,1.27,0.75
335,9/22/2016,9/30/2016,41,38.73,217.31,216.9,take profit,4280,1.27,0.9
336,9/30/2016,10/6/2016,42,27.73,216.9,215.82,take profit,4270,1.27,0.65
337,10/6/2016,10/10/2016,49,30.73,215.82,216.105,take profit,4250,1.27,0.72
338,10/10/2016,10/19/2016,45,42.73,216.105,214.445,take profit,4260,1.27,1
339,10/19/2016,10/24/2016,41,32.73,214.445,214.89,take profit,4230,1.27,0.77
340,10/24/2016,11/2/2016,44,-138.14,214.89,209.74,exercised,4230,6.14,-3.27
341,11/3/2016,11/7/2016,115,69.73,208.605,212.7,take profit,4010,1.27,1.74
342,11/7/2016,11/9/2016,115,93.73,212.7,216.41,take profit,4100,1.27,2.29
343,11/9/2016,11/11/2016,68,35.73,216.41,216.51,take profit,4250,1.27,0.84
344,11/11/2016,11/15/2016,50,40.73,216.51,218.14,take profit,4250,1.27,0.96
345,11/15/2016,11/17/2016,39,26.73,218.14,218.93,take profit,4300,1.27,0.62
346,11/17/2016,11/21/2016,25,16.73,218.93,219.9,take profit,4320,1.27,0.39
347,11/21/2016,11/25/2016,40,29.73,219.9,221.52,take profit,4350,1.27,0.68
348,11/25/2016,12/2/2016,33,29.73,221.52,219.6,take profit,4380,1.27,0.68
349,12/2/2016,12/5/2016,44,34.73,219.6,220.865,take profit,4320,1.27,0.8
350,12/5/2016,12/7/2016,44,30.73,220.865,224.41,take profit,4350,1.27,0.71
351,12/7/2016,12/9/2016,37,25.73,224.41,226.34,take profit,4430,1.27,0.58
352,12/9/2016,12/13/2016,69,41.73,226.34,228,take profit,4470,1.27,0.93
353,12/13/2016,12/19/2016,46,32.73,228,225.32,take profit,4470,1.27,0.73
354,12/19/2016,12/23/2016,37,26.73,225.32,225.565,take profit,4460,1.27,0.6
355,12/23/2016,12/27/2016,25,13.73,225.565,226.34,take profit,4460,1.27,0.31
356,12/27/2016,1/4/2017,36,33.73,226.34,226.64,take profit,4480,1.27,0.75
357,1/4/2017,1/6/2017,34,22.73,226.64,227.51,take profit,4480,1.27,0.51
358,1/6/2017,1/12/2017,38,24.73,227.51,226.6,take profit,4510,1.27,0.55
359,1/12/2017,1/18/2017,35,17.73,226.6,226.75,take profit,4480,1.27,0.4
360,1/18/2017,1/23/2017,26,18.73,226.75,226.28,take profit,4460,1.27,0.42
361,1/23/2017,1/24/2017,42,21.73,226.28,227.75,take profit,4460,1.27,0.49
362,1/24/2017,1/25/2017,35,19.73,227.75,229.47,take profit,4500,1.27,0.44
363,1/25/2017,2/1/2017,27,23.73,229.47,227.76,take profit,4540,1.27,0.52
364,2/1/2017,2/3/2017,39,29.73,227.76,229.515,take profit,4500,1.27,0.66
365,2/3/2017,2/8/2017,31,17.73,229.515,229.345,take profit,4550,1.27,0.39
366,2/8/2017,2/9/2017,29,14.73,229.345,230.63,take profit,4540,1.27,0.32
367,2/9/2017,2/13/2017,30,18.73,230.63,232.83,take profit,4560,1.27,0.41
368,2/13/2017,2/15/2017,35,18.73,232.83,234.94,take profit,4610,1.27,0.41
369,2/15/2017,2/17/2017,28,14.73,234.94,234.82,take profit,4650,1.27,0.32
370,2/17/2017,2/21/2017,26,17.73,234.82,236.64,take profit,4650,1.27,0.38
371,2/21/2017,2/27/2017,39,26.73,236.64,237.11,take profit,4680,1.27,0.57
372,2/27/2017,3/1/2017,43,31.73,237.11,240.15,take profit,4680,1.27,0.68
373,3/1/2017,3/8/2017,26,-24.14,240.15,236.56,exercised,4740,6.14,-0.51
374,3/10/2017,3/15/2017,49,38.73,237.455,239.165,take profit,4680,1.27,0.83
375,3/15/2017,3/21/2017,35,-140.27,239.165,233.85,stop loss,4710,1.27,-2.98
376,3/21/2017,3/27/2017,59,50.73,233.85,233.83,take profit,4600,1.27,1.1
377,3/27/2017,3/28/2017,49,30.73,233.83,235.425,take profit,4600,1.27,0.67
378,3/28/2017,3/30/2017,45,25.73,235.425,236.25,take profit,4660,1.27,0.55
379,3/30/2017,4/6/2017,34,20.73,236.25,235.3,take profit,4670,1.27,0.44
380,4/6/2017,4/12/2017,39,23.73,235.3,233.94,take profit,4650,1.27,0.51
381,4/12/2017,4/18/2017,39,33.73,233.94,234.01,take profit,4620,1.27,0.73
382,4/18/2017,4/24/2017,61,56.73,234.01,237.245,take profit,4580,1.27,1.24
383,4/24/2017,4/27/2017,25,14.73,237.245,238.6,take profit,4660,1.27,0.32
384,4/27/2017,5/1/2017,30,17.73,238.6,238.995,take profit,4720,1.27,0.38
385,5/1/2017,5/8/2017,43,35.73,238.995,239.405,take profit,4720,1.27,0.76
386,5/8/2017,5/15/2017,38,29.73,239.405,240.17,take profit,4740,1.27,0.63
387,5/15/2017,5/17/2017,40,-212.27,240.17,236.28,stop loss,4760,1.27,-4.46
388,5/17/2017,5/19/2017,69,53.73,236.28,238.14,take profit,4620,1.27,1.16
389,5/19/2017,5/22/2017,49,38.73,238.14,239.595,take profit,4690,1.27,0.83
390,5/22/2017,5/25/2017,37,27.73,239.595,241.905,take profit,4740,1.27,0.59
391,5/25/2017,5/30/2017,31,16.73,241.905,241.75,take profit,4790,1.27,0.35
392,5/30/2017,6/1/2017,34,20.73,241.75,242.98,take profit,4790,1.27,0.43
393,6/1/2017,6/5/2017,35,20.73,242.98,244.089,take profit,4810,1.27,0.43
394,6/5/2017,6/13/2017,36,30.73,244.089,244.43,take profit,4820,1.27,0.64
395,6/13/2017,6/19/2017,33,27.73,244.43,244.56,take profit,4810,1.27,0.58
396,6/19/2017,6/28/2017,32,29.73,244.56,243.485,take profit,4840,1.27,0.61
397,6/28/2017,7/5/2017,25,22.73,243.485,242.92,take profit,4820,1.27,0.47
398,7/5/2017,7/10/2017,30,21.73,242.92,242.68,take profit,4800,1.27,0.45
399,7/10/2017,7/12/2017,43,27.73,242.68,244.095,take profit,4800,1.27,0.58
400,7/12/2017,7/14/2017,30,20.73,244.095,245.815,take profit,4840,1.27,0.43
401,7/14/2017,7/19/2017,25,18.73,245.815,246.91,take profit,4870,1.27,0.38
402,7/19/2017,7/24/2017,32,22.73,246.91,246.93,take profit,4900,1.27,0.46
403,7/24/2017,7/31/2017,33,21.73,246.93,247.175,take profit,4900,1.27,0.44
404,7/31/2017,8/7/2017,42,32.73,247.175,247.808,take profit,4900,1.27,0.67
405,8/7/2017,8/10/2017,38,-200.27,247.808,243.948,stop loss,4910,1.27,-4.08
406,8/10/2017,8/14/2017,86,74.73,243.948,246.52,take profit,4770,1.27,1.57
407,8/14/2017,8/16/2017,54,27.73,246.52,246.83,take profit,4860,1.27,0.57
408,8/16/2017,8/17/2017,33,-134.27,246.83,243.47,stop loss,4880,1.27,-2.75
409,8/17/2017,8/21/2017,70,46.73,243.47,243.059,take profit,4780,1.27,0.98
410,8/21/2017,8/22/2017,52,37.73,243.059,245.5,take profit,4780,1.27,0.79
411,8/22/2017,8/28/2017,44,23.73,245.5,244.488,take profit,4860,1.27,0.49
412,8/28/2017,8/31/2017,38,27.73,244.488,247.45,take profit,4830,1.27,0.57
413,8/31/2017,9/7/2017,38,28.73,247.45,246.85,take profit,4900,1.27,0.59
414,9/7/2017,9/11/2017,65,50.73,246.85,249.1,take profit,4880,1.27,1.04
415,9/11/2017,9/15/2017,42,31.73,249.1,249.125,take profit,4910,1.27,0.65
416,9/15/2017,9/20/2017,25,14.73,249.125,250.15,take profit,4940,1.27,0.3
417,9/20/2017,9/26/2017,31,22.73,250.15,249,take profit,4950,1.27,0.46
418,9/26/2017,9/28/2017,38,20.73,249,250.275,take profit,4930,1.27,0.42
419,9/28/2017,10/2/2017,37,24.73,250.275,252.19,take profit,4960,1.27,0.5
420,10/2/2017,10/5/2017,34,23.73,252.19,254.585,take profit,5000,1.27,0.47
421,10/5/2017,10/11/2017,29,20.73,254.585,254.958,take profit,5050,1.27,0.41
422,10/11/2017,10/16/2017,29,18.73,254.958,255.3,take profit,5060,1.27,0.37
423,10/16/2017,10/20/2017,36,24.73,255.3,256.82,take profit,5060,1.27,0.49
424,10/20/2017,10/27/2017,27,24.73,256.82,257.51,take profit,5090,1.27,0.49
425,10/27/2017,11/2/2017,37,29.73,257.51,257.63,take profit,5100,1.27,0.58
426,11/2/2017,11/6/2017,36,23.73,257.63,258.86,take profit,5100,1.27,0.47
427,11/6/2017,11/14/2017,37,21.73,258.86,257.75,take profit,5130,1.27,0.42
428,11/14/2017,11/16/2017,50,28.73,257.75,258.61,take profit,5090,1.27,0.56
429,11/16/2017,11/20/2017,36,20.73,258.61,258.26,take profit,5120,1.27,0.4
430,11/20/2017,11/21/2017,44,24.73,258.26,259.915,take profit,5120,1.27,0.48
431,11/21/2017,11/24/2017,33,17.73,259.915,260.36,take profit,5160,1.27,0.34
432,11/24/2017,11/28/2017,31,19.73,260.36,262.65,take profit,5170,1.27,0.38
433,11/28/2017,12/4/2017,40,27.73,262.65,264.32,take profit,5200,1.27,0.53
434,12/4/2017,12/7/2017,57,37.73,264.32,264.03,take profit,5200,1.27,0.73
435,12/7/2017,12/8/2017,65,38.73,264.03,265.26,take profit,5220,1.27,0.74
436,12/8/2017,12/11/2017,60,31.73,265.26,266.3,take profit,5260,1.27,0.6
437,12/11/2017,12/15/2017,42,26.73,266.3,266.28,take profit,5250,1.27,0.51
438,12/15/2017,12/18/2017,38,26.73,266.28,268.105,take profit,5280,1.27,0.51
439,12/18/2017,12/22/2017,32,17.73,268.105,267.38,take profit,5310,1.27,0.33
440,12/22/2017,12/28/2017,32,22.73,267.38,267.855,take profit,5320,1.27,0.43
441,12/28/2017,1/2/2018,41,27.73,267.855,268.63,take profit,5310,1.27,0.52
442,1/2/2018,1/3/2018,32,17.73,268.63,270.54,take profit,5320,1.27,0.33
443,1/3/2018,1/5/2018,31,24.73,270.54,273.46,take profit,5370,1.27,0.46
444,1/5/2018,1/8/2018,29,14.73,273.46,273.98,take profit,5430,1.27,0.27
445,1/8/2018,1/11/2018,25,16.73,273.98,275.96,take profit,5420,1.27,0.31
446,1/11/2018,1/17/2018,36,25.73,275.96,279.43,take profit,5470,1.27,0.47
447,1/17/2018,1/19/2018,46,28.73,279.43,280.28,take profit,5520,1.27,0.52
448,1/19/2018,1/22/2018,47,30.73,280.28,282.69,take profit,5550,1.27,0.55
449,1/22/2018,1/26/2018,60,50.73,282.69,286.23,take profit,5580,1.27,0.91
450,1/26/2018,1/30/2018,47,-157.27,286.23,282.01,stop loss,5660,1.27,-2.78
451,1/30/2018,2/5/2018,75,-1056.27,282.01,266.075,stop loss,5540,1.27,-19.07
452,2/13/2018,2/14/2018,116,83.73,266.16,269.76,take profit,5180,1.27,1.62
453,2/14/2018,2/15/2018,74,43.73,269.76,272.62,take profit,5280,1.27,0.83
454,2/15/2018,2/22/2018,95,56.73,272.62,270.37,take profit,5350,1.27,1.06
455,2/22/2018,2/23/2018,99,78.73,270.37,274.51,take profit,5280,1.27,1.49
456,2/23/2018,2/26/2018,61,43.73,274.51,277.595,take profit,5400,1.27,0.81
457,2/26/2018,3/1/2018,63,-462.27,277.595,267.99,stop loss,5460,1.27,-8.47
458,3/1/2018,3/2/2018,107,59.73,267.99,269.52,take profit,5200,1.27,1.15
459,3/2/2018,3/5/2018,78,52.73,269.52,272.44,take profit,5260,1.27,1
460,3/5/2018,3/8/2018,73,52.73,272.44,273.6,take profit,5340,1.27,0.99
461,3/8/2018,3/9/2018,83,66.73,273.6,278.61,take profit,5340,1.27,1.25
462,3/9/2018,3/16/2018,62,58.73,278.61,274.89,take profit,5480,1.27,1.07
463,3/16/2018,3/22/2018,57,-604.27,274.89,263.96,stop loss,5410,1.27,-11.17
464,3/22/2018,3/26/2018,122,96.73,263.96,265.42,take profit,5120,1.27,1.89
465,3/26/2018,3/29/2018,88,54.73,265.42,263.785,take profit,5200,1.27,1.05
466,3/29/2018,4/4/2018,94,64.73,263.785,264.345,take profit,5140,1.27,1.26
467,4/4/2018,4/10/2018,98,88.73,264.345,265.4,take profit,5150,1.27,1.72
468,4/10/2018,4/12/2018,107,67.73,265.4,266.75,take profit,5170,1.27,1.31
469,4/12/2018,4/16/2018,85,55.73,266.75,267.785,take profit,5210,1.27,1.07
470,4/16/2018,4/17/2018,63,36.73,267.785,270.599,take profit,5260,1.27,0.7
471,4/17/2018,4/24/2018,69,-363.27,270.599,261.75,stop loss,5320,1.27,-6.83
472,4/24/2018,4/26/2018,110,89.73,261.75,266.66,take profit,5120,1.27,1.75
473,4/26/2018,5/4/2018,80,77.73,266.66,266.26,take profit,5220,1.27,1.49
474,5/4/2018,5/8/2018,53,34.73,266.26,266.75,take profit,5220,1.27,0.67
475,5/8/2018,5/9/2018,66,43.73,266.75,269.08,take profit,5240,1.27,0.83
476,5/9/2018,5/10/2018,55,35.73,269.08,271.88,take profit,5310,1.27,0.67
477,5/10/2018,5/14/2018,55,28.73,271.88,272.82,take profit,5360,1.27,0.54
478,5/14/2018,5/18/2018,51,34.73,272.82,271.53,take profit,5390,1.27,0.64
479,5/18/2018,5/21/2018,49,28.73,271.53,272.99,take profit,5360,1.27,0.54
480,5/21/2018,5/24/2018,43,25.73,272.99,272.735,take profit,5390,1.27,0.48
481,5/24/2018,6/1/2018,49,46.73,272.735,273.37,take profit,5390,1.27,0.87
482,6/1/2018,6/4/2018,42,25.73,273.37,275,take profit,5390,1.27,0.48
483,6/4/2018,6/6/2018,47,32.73,275,277.01,take profit,5440,1.27,0.6
484,6/6/2018,6/11/2018,44,31.73,277.01,278.98,take profit,5470,1.27,0.58
485,6/11/2018,6/14/2018,59,40.73,278.98,278.895,take profit,5490,1.27,0.74
486,6/14/2018,6/22/2018,51,47.73,278.895,275.175,take profit,5490,1.27,0.87
487,6/22/2018,6/29/2018,68,43.73,275.175,272.08,take profit,5440,1.27,0.8
488,6/29/2018,7/5/2018,64,57.73,272.08,272.9,take profit,5350,1.27,1.08
489,7/5/2018,7/6/2018,77,52.73,272.9,275.27,take profit,5370,1.27,0.98
490,7/6/2018,7/9/2018,50,36.73,275.27,277.794,take profit,5430,1.27,0.68
491,7/9/2018,7/12/2018,42,29.73,277.794,279.16,take profit,5490,1.27,0.54
492,7/12/2018,7/17/2018,49,39.73,279.16,280.88,take profit,5510,1.27,0.72
493,7/17/2018,7/23/2018,47,27.73,280.88,280.2,take profit,5560,1.27,0.5
494,7/23/2018,7/25/2018,43,32.73,280.2,283.77,take profit,5540,1.27,0.59
495,7/25/2018,8/1/2018,43,35.73,283.77,281.16,take profit,5610,1.27,0.64
496,8/1/2018,8/2/2018,54,30.73,281.16,282.355,take profit,5550,1.27,0.55
497,8/2/2018,8/6/2018,53,41.73,282.355,284.66,take profit,5580,1.27,0.75
498,8/6/2018,8/8/2018,35,22.73,284.66,285.84,take profit,5640,1.27,0.4
499,8/8/2018,8/13/2018,30,-102.27,285.84,282.39,stop loss,5660,1.27,-1.81
500,8/13/2018,8/14/2018,62,36.73,282.39,284.04,take profit,5560,1.27,0.66
501,8/14/2018,8/17/2018,56,35.73,284.04,285.16,take profit,5600,1.27,0.64
502,8/17/2018,8/21/2018,47,31.73,285.16,286.61,take profit,5630,1.27,0.56
503,8/21/2018,8/24/2018,51,31.73,286.61,287.51,take profit,5660,1.27,0.56
504,8/24/2018,8/27/2018,47,32.73,287.51,289.605,take profit,5690,1.27,0.58
505,8/27/2018,8/29/2018,39,24.73,289.605,291.695,take profit,5730,1.27,0.43
506,8/29/2018,9/5/2018,37,20.73,291.695,289.04,take profit,5780,1.27,0.36
507,9/5/2018,9/11/2018,52,44.73,289.04,289.22,take profit,5710,1.27,0.78
508,9/11/2018,9/13/2018,59,35.73,289.22,290.49,take profit,5720,1.27,0.62
509,9/13/2018,9/18/2018,65,35.73,290.49,291.21,take profit,5740,1.27,0.62
510,9/18/2018,9/20/2018,56,33.73,291.21,293.675,take profit,5720,1.27,0.59
511,9/20/2018,9/28/2018,58,52.73,293.675,290.59,take profit,5780,1.27,0.91
512,9/28/2018,10/2/2018,54,36.73,290.59,291.56,take profit,5740,1.27,0.64
513,10/2/2018,10/10/2018,51,-833.27,291.56,279.22,stop loss,5760,1.27,-14.47
514,10/10/2018,10/15/2018,102,56.73,279.22,275.78,take profit,5400,1.27,1.05
515,10/15/2018,10/16/2018,105,76.73,275.78,280.265,take profit,5380,1.27,1.43
516,10/16/2018,10/24/2018,90,-448.27,280.265,268.63,stop loss,5480,1.27,-8.18
517,10/25/2018,10/31/2018,139,114.73,270.85,271.73,take profit,5240,1.27,2.19
518,10/31/2018,11/5/2018,123,84.73,271.73,273.26,take profit,5280,1.27,1.6
519,11/5/2018,11/7/2018,112,102.73,273.26,280.63,take profit,5320,1.27,1.93
520,11/7/2018,11/12/2018,71,-219.27,280.63,273.02,stop loss,5500,1.27,-3.99
521,11/12/2018,11/15/2018,101,54.73,273.02,272.48,take profit,5320,1.27,1.03
522,11/15/2018,11/16/2018,88,52.73,272.48,274.12,take profit,5300,1.27,0.99
523,11/16/2018,11/20/2018,75,-399.27,274.12,264.72,stop loss,5380,1.27,-7.42
524,11/20/2018,11/21/2018,106,59.73,264.72,265.35,take profit,5140,1.27,1.16
525,11/21/2018,11/26/2018,82,68.73,265.35,267.325,take profit,5200,1.27,1.32
526,11/26/2018,11/28/2018,94,71.73,267.325,273.92,take profit,5240,1.27,1.37
527,11/28/2018,12/3/2018,96,91.73,273.92,278.91,take profit,5340,1.27,1.72
528,12/3/2018,12/4/2018,71,-398.27,278.91,270.67,stop loss,5480,1.27,-7.27
529,12/4/2018,12/12/2018,130,127.73,270.67,266.64,take profit,5260,1.27,2.43
530,12/12/2018,12/17/2018,107,-575.27,266.64,253.74,stop loss,5200,1.27,-11.06
531,12/17/2018,12/18/2018,119,45.73,253.74,255.78,reached minimum exit VIX,4880,1.27,0.94
532,1/2/2019,1/3/2019,96,-112.27,249.42,244.89,reached minimum exit VIX,4840,1.27,-2.32
533,1/4/2019,1/7/2019,98,61.73,252.25,254.93,take profit,4920,1.27,1.25
534,1/7/2019,1/9/2019,89,64.73,254.93,257.71,take profit,4980,1.27,1.3
535,1/9/2019,1/11/2019,84,60.73,257.71,258.88,take profit,5040,1.27,1.2
536,1/11/2019,1/15/2019,65,44.73,258.88,260.32,take profit,5070,1.27,0.88
537,1/15/2019,1/17/2019,56,42.73,260.32,262.64,take profit,5110,1.27,0.84
538,1/17/2019,1/18/2019,69,46.73,262.64,266.08,take profit,5150,1.27,0.91
539,1/18/2019,1/25/2019,54,51.73,266.08,265.79,take profit,5230,1.27,0.99
540,1/25/2019,1/30/2019,74,55.73,265.79,267.48,take profit,5220,1.27,1.07
541,1/30/2019,1/31/2019,75,45.73,267.48,269.61,take profit,5240,1.27,0.87
542,1/31/2019,2/4/2019,67,54.73,269.61,271.36,take profit,5280,1.27,1.04
543,2/4/2019,2/6/2019,56,31.73,271.36,272.68,take profit,5360,1.27,0.59
544,2/6/2019,2/12/2019,51,46.73,272.68,273.93,take profit,5370,1.27,0.87
545,2/12/2019,2/14/2019,55,30.73,273.93,275.07,take profit,5400,1.27,0.57
546,2/14/2019,2/15/2019,69,45.73,275.07,277.26,take profit,5410,1.27,0.85
547,2/15/2019,2/19/2019,50,32.73,277.26,278.29,take profit,5470,1.27,0.6
548,2/19/2019,2/22/2019,54,34.73,278.29,278.85,take profit,5470,1.27,0.63
549,2/22/2019,2/26/2019,54,27.73,278.85,279.71,take profit,5500,1.27,0.5
550,2/26/2019,3/1/2019,63,48.73,279.71,280.73,take profit,5500,1.27,0.89
551,3/1/2019,3/7/2019,46,-178.27,280.73,274.96,stop loss,5540,1.27,-3.22
552,3/7/2019,3/11/2019,91,77.73,274.96,278.49,take profit,5360,1.27,1.45
553,3/11/2019,3/13/2019,61,47.73,278.49,281.7,take profit,5470,1.27,0.87
554,3/13/2019,3/15/2019,57,37.73,281.7,281.29,take profit,5530,1.27,0.68
555,3/15/2019,3/20/2019,49,32.73,281.29,282.02,take profit,5550,1.27,0.59
556,3/20/2019,3/21/2019,57,32.73,282.02,284.85,take profit,5560,1.27,0.59
557,3/21/2019,3/29/2019,66,63.73,284.85,282.55,take profit,5600,1.27,1.14
558,3/29/2019,4/1/2019,69,53.73,282.55,285.79,take profit,5580,1.27,0.96
559,4/1/2019,4/4/2019,49,36.73,285.79,287.01,take profit,5640,1.27,0.65
560,4/4/2019,4/5/2019,55,29.73,287.01,288.42,take profit,5660,1.27,0.53
561,4/5/2019,4/10/2019,43,29.73,288.42,288.14,take profit,5700,1.27,0.52
562,4/10/2019,4/12/2019,48,34.73,288.14,289.99,take profit,5700,1.27,0.61
563,4/12/2019,4/17/2019,36,24.73,289.99,289.7,take profit,5740,1.27,0.43
564,4/17/2019,4/22/2019,44,33.73,289.7,290.26,take profit,5730,1.27,0.59
565,4/22/2019,4/23/2019,45,24.73,290.26,292.64,take profit,5740,1.27,0.43
566,4/23/2019,4/29/2019,54,43.73,292.64,293.98,take profit,5770,1.27,0.76
567,4/29/2019,5/3/2019,51,42.73,293.98,294.01,take profit,5800,1.27,0.74
568,5/3/2019,5/7/2019,49,-374.27,294.01,286.96,stop loss,5800,1.27,-6.45
569,5/7/2019,5/10/2019,135,103.73,286.96,287.49,take profit,5560,1.27,1.87
570,5/10/2019,5/15/2019,98,52.73,287.49,285.3,take profit,5630,1.27,0.94
571,5/15/2019,5/20/2019,85,43.73,285.3,284.1,take profit,5600,1.27,0.78
572,5/20/2019,5/21/2019,78,55.73,284.1,286.46,take profit,5560,1.27,1
573,5/21/2019,5/28/2019,62,-129.14,286.46,280.15,exercised,5640,6.14,-2.29
574,5/29/2019,6/4/2019,89,83.73,278.49,279.82,take profit,5460,1.27,1.53
575,6/4/2019,6/5/2019,87,54.73,279.82,282.46,take profit,5480,1.27,1
576,6/5/2019,6/6/2019,65,37.73,282.46,284.95,take profit,5540,1.27,0.68
577,6/6/2019,6/7/2019,82,41.73,284.95,287.79,take profit,5600,1.27,0.75
578,6/7/2019,6/10/2019,68,40.73,287.79,289.1,take profit,5650,1.27,0.72
579,6/10/2019,6/13/2019,61,45.73,289.1,288.96,take profit,5680,1.27,0.81
580,6/13/2019,6/17/2019,95,48.73,288.96,289.55,take profit,5660,1.27,0.86
581,6/17/2019,6/19/2019,68,56.73,289.55,293.57,take profit,5670,1.27,1
582,6/19/2019,6/20/2019,72,40.73,293.57,295.99,take profit,5770,1.27,0.71
583,6/20/2019,6/27/2019,74,47.73,295.99,291.85,take profit,5800,1.27,0.82
584,6/27/2019,7/1/2019,94,84.73,291.85,295.35,take profit,5720,1.27,1.48
585,7/1/2019,7/2/2019,42,22.73,295.35,295.98,take profit,5820,1.27,0.39
586,7/2/2019,7/3/2019,53,28.73,295.98,298.32,take profit,5850,1.27,0.49
587,7/3/2019,7/10/2019,44,41.73,298.32,298.54,take profit,5900,1.27,0.71
588,7/10/2019,7/12/2019,51,36.73,298.54,300.48,take profit,5910,1.27,0.62
589,7/12/2019,7/19/2019,42,37.73,300.48,297.82,take profit,5940,1.27,0.64
590,7/19/2019,7/23/2019,60,50.73,297.82,299.89,take profit,5870,1.27,0.86
591,7/23/2019,7/26/2019,66,48.73,299.89,302.1,take profit,5900,1.27,0.83
592,7/26/2019,8/1/2019,57,-189.27,302.1,295.62,stop loss,5950,1.27,-3.18
593,8/1/2019,8/5/2019,110,-430.27,295.62,284.6,stop loss,5760,1.27,-7.47
594,8/5/2019,8/6/2019,137,88.73,284.6,287.32,take profit,5500,1.27,1.61
595,8/6/2019,8/8/2019,127,107.73,287.32,293.43,take profit,5580,1.27,1.93
596,8/8/2019,8/16/2019,99,94.73,293.43,288.83,take profit,5740,1.27,1.65
597,8/16/2019,8/19/2019,95,69.73,288.83,292.65,take profit,5640,1.27,1.24
598,8/19/2019,8/22/2019,86,45.73,292.65,292.73,take profit,5740,1.27,0.8
599,8/22/2019,8/23/2019,96,-298.27,292.73,285.11,stop loss,5720,1.27,-5.21
600,8/23/2019,8/26/2019,116,69.73,285.11,286.79,take profit,5540,1.27,1.26
601,8/26/2019,8/28/2019,98,57.73,286.79,288.68,take profit,5580,1.27,1.03
602,8/28/2019,8/29/2019,94,61.73,288.68,292.54,take profit,5640,1.27,1.09
603,8/29/2019,9/4/2019,99,87.73,292.54,293.9,take profit,5720,1.27,1.53
604,9/4/2019,9/5/2019,77,53.73,293.9,297.96,take profit,5770,1.27,0.93
605,9/5/2019,9/9/2019,76,46.73,297.96,297.99,take profit,5850,1.27,0.8
606,9/9/2019,9/11/2019,53,32.73,297.99,299.62,take profit,5870,1.27,0.56
607,9/11/2019,9/13/2019,66,34.73,299.62,301.24,take profit,5900,1.27,0.59
608,9/13/2019,9/19/2019,86,66.73,301.24,301.21,take profit,5930,1.27,1.13
609,9/19/2019,9/27/2019,111,-105.14,301.21,295.4,exercised,5950,6.14,-1.77
610,9/30/2019,10/2/2019,72,-373.27,297.08,288.24,stop loss,5840,1.27,-6.39
611,10/2/2019,10/4/2019,101,92.73,288.24,294.15,take profit,5620,1.27,1.65
612,10/4/2019,10/10/2019,86,48.73,294.15,293.01,take profit,5760,1.27,0.85
613,10/10/2019,10/11/2019,109,72.73,293.01,297.39,take profit,5720,1.27,1.27
614,10/11/2019,10/15/2019,84,68.73,297.39,299.11,take profit,5820,1.27,1.18
615,10/15/2019,10/21/2019,75,65.73,299.11,300.01,take profit,5900,1.27,1.11
616,10/21/2019,10/24/2019,51,36.73,300.01,300.32,take profit,5920,1.27,0.62
617,10/24/2019,10/28/2019,70,52.73,300.32,303.38,take profit,5920,1.27,0.89
618,10/28/2019,11/1/2019,61,56.73,303.38,305.82,take profit,6000,1.27,0.95
619,11/1/2019,11/4/2019,48,26.73,305.82,307.15,take profit,6050,1.27,0.44
620,11/4/2019,11/7/2019,48,32.73,307.15,307.8,take profit,6080,1.27,0.54
621,11/7/2019,11/11/2019,60,32.73,307.8,308.21,take profit,6080,1.27,0.54
622,11/11/2019,11/14/2019,53,33.73,308.21,309.42,take profit,6100,1.27,0.55
623,11/14/2019,11/15/2019,67,37.73,309.42,311.3,take profit,6100,1.27,0.62
624,11/15/2019,11/19/2019,49,29.73,311.3,312.2,take profit,6150,1.27,0.48
625,11/19/2019,11/25/2019,59,49.73,312.2,313.04,take profit,6170,1.27,0.81
626,11/25/2019,11/27/2019,40,29.73,313.04,315.27,take profit,6200,1.27,0.48
627,11/27/2019,12/3/2019,42,-249.27,315.27,309.15,stop loss,6240,1.27,-3.99
628,12/3/2019,12/4/2019,88,52.73,309.15,311.77,take profit,6040,1.27,0.87
629,12/4/2019,12/6/2019,77,62.73,311.77,315.11,take profit,6130,1.27,1.02
630,12/6/2019,12/12/2019,68,57.73,315.11,317.29,take profit,6220,1.27,0.93
631,12/12/2019,12/16/2019,115,87.73,317.29,319.51,take profit,6240,1.27,1.41
632,12/16/2019,12/19/2019,82,65.73,319.51,320.68,take profit,6320,1.27,1.04
633,12/19/2019,12/20/2019,111,60.73,320.68,320.98,take profit,6380,1.27,0.95
634,12/20/2019,12/24/2019,41,25.73,320.98,321.1,take profit,6370,1.27,0.4
635,12/24/2019,12/26/2019,43,24.73,321.1,322.49,take profit,6360,1.27,0.39
636,12/26/2019,1/2/2020,48,42.73,322.49,324.1,take profit,6380,1.27,0.67
637,1/2/2020,1/8/2020,62,46.73,324.1,325.38,take profit,6400,1.27,0.73
638,1/8/2020,1/13/2020,61,52.73,325.38,327.49,take profit,6430,1.27,0.82
639,1/13/2020,1/16/2020,57,46.73,327.49,330.49,take profit,6480,1.27,0.72
640,1/16/2020,1/21/2020,56,29.73,330.49,331.39,take profit,6540,1.27,0.45
641,1/21/2020,1/27/2020,67,-295.27,331.39,323.98,stop loss,6540,1.27,-4.51
642,1/27/2020,1/28/2020,116,68.73,323.98,327.26,take profit,6340,1.27,1.08
643,1/28/2020,2/4/2020,111,106.73,327.26,329.27,take profit,6380,1.27,1.67
644,2/4/2020,2/5/2020,104,66.73,329.27,332.65,take profit,6460,1.27,1.03
645,2/5/2020,2/10/2020,73,60.73,332.65,333.99,take profit,6540,1.27,0.93
646,2/10/2020,2/12/2020,83,67.73,333.99,337.39,take profit,6580,1.27,1.03
647,2/12/2020,2/18/2020,53,37.73,337.39,336.73,take profit,6660,1.27,0.57
648,2/18/2020,2/24/2020,72,-686.27,336.73,323.67,stop loss,6620,1.27,-10.37
649,6/5/2020,6/8/2020,107,58.73,318.64,322.35,take profit,6200,1.27,0.95
650,7/20/2020,7/22/2020,109,66.73,324.88,326.74,take profit,6340,1.27,1.05
651,7/22/2020,7/23/2020,122,-83.27,326.74,322.68,reached minimum exit VIX,6380,1.27,-1.31
652,7/27/2020,7/28/2020,112,-8.27,323.1,321.74,reached minimum exit VIX,6300,1.27,-0.13
653,7/29/2020,8/3/2020,111,100.73,325.18,329.25,take profit,6340,1.27,1.59
654,8/3/2020,8/5/2020,105,73.73,329.25,331.71,take profit,6440,1.27,1.14
655,8/5/2020,8/7/2020,102,60.73,331.71,334.44,take profit,6500,1.27,0.93
656,8/7/2020,8/12/2020,108,91.73,334.44,337.79,take profit,6560,1.27,1.4
657,8/12/2020,8/17/2020,106,89.73,337.79,338.01,take profit,6620,1.27,1.36
658,8/17/2020,8/20/2020,84,51.73,338.01,338.64,take profit,6640,1.27,0.78
659,8/20/2020,8/24/2020,111,82.73,338.64,342.38,take profit,6620,1.27,1.25
660,8/24/2020,8/26/2020,93,53.73,342.38,347.47,take profit,6720,1.27,0.8
661,8/26/2020,8/28/2020,95,73.73,347.47,350.64,take profit,6780,1.27,1.09
662,8/28/2020,8/31/2020,80,12.73,350.64,350.92,reached minimum exit VIX,6860,1.27,0.19
663,11/6/2020,11/9/2020,133,92.73,351.15,357.92,take profit,6820,1.27,1.36
664,11/10/2020,11/12/2020,168,3.73,354.26,351.96,reached minimum exit VIX,6880,1.27,0.05
665,11/13/2020,11/16/2020,126,85.73,358.52,361.29,take profit,6980,1.27,1.23
666,11/16/2020,11/23/2020,124,121.73,361.29,357.71,take profit,7080,1.27,1.72
667,11/23/2020,11/24/2020,106,77.73,357.71,363.2,take profit,7020,1.27,1.11
668,11/24/2020,11/30/2020,121,65.73,363.2,361.55,take profit,7120,1.27,0.92
669,11/30/2020,12/1/2020,115,66.73,361.55,365.74,take profit,7080,1.27,0.94
670,12/1/2020,12/4/2020,117,94.73,365.74,369.3,take profit,7140,1.27,1.33
671,12/4/2020,12/8/2020,95,64.73,369.3,370.22,take profit,7240,1.27,0.89
672,12/8/2020,12/15/2020,105,79.73,370.22,369.02,take profit,7240,1.27,1.1
673,12/15/2020,12/17/2020,162,92.73,369.02,371.96,take profit,7200,1.27,1.29
674,12/17/2020,12/21/2020,152,-68.27,371.96,367.15,reached minimum exit VIX,7320,1.27,-0.93
675,12/22/2020,12/23/2020,125,69.73,367.08,369.01,take profit,7160,1.27,0.97
676,12/23/2020,12/28/2020,88,76.73,369.01,372.23,take profit,7240,1.27,1.06
677,12/28/2020,12/31/2020,87,50.73,372.23,373.32,take profit,7320,1.27,0.69
678,12/31/2020,1/4/2021,142,-107.27,373.32,368.85,reached minimum exit VIX,7280,1.27,-1.47
679,1/7/2021,1/13/2021,127,102.73,379.7,380.3,take profit,7420,1.27,1.38
680,1/13/2021,1/19/2021,111,86.73,380.3,379.05,take profit,7460,1.27,1.16
681,1/19/2021,1/20/2021,144,94.73,379.05,384.76,take profit,7380,1.27,1.28
682,1/20/2021,1/25/2021,112,60.73,384.76,383.64,take profit,7540,1.27,0.81
683,1/25/2021,1/27/2021,131,-542.27,383.64,373.14,stop loss,7520,1.27,-7.21
684,2/3/2021,2/4/2021,126,67.73,382.76,385.21,take profit,7480,1.27,0.91
685,2/4/2021,2/8/2021,129,102.73,385.21,389.65,take profit,7540,1.27,1.36
686,2/8/2021,2/12/2021,105,92.73,389.65,391.88,take profit,7660,1.27,1.21
687,2/12/2021,2/17/2021,81,48.73,391.88,392.29,take profit,7700,1.27,0.63
688,2/17/2021,2/23/2021,93,59.73,392.29,388.48,take profit,7660,1.27,0.78
689,2/23/2021,2/25/2021,153,-249.27,388.48,382.86,reached minimum exit VIX,7580,1.27,-3.29
690,3/1/2021,3/3/2021,150,-111.27,389.71,383.35,reached minimum exit VIX,7600,1.27,-1.46
691,3/5/2021,3/8/2021,153,22.73,384.31,383.71,reached minimum exit VIX,7460,1.27,0.3
692,3/9/2021,3/11/2021,164,122.73,387.86,393.8,take profit,7520,1.27,1.63
693,3/11/2021,3/15/2021,152,104.73,393.8,395.39,take profit,7660,1.27,1.37
694,3/15/2021,3/22/2021,124,121.73,395.39,392.67,take profit,7760,1.27,1.57
695,3/22/2021,3/26/2021,107,83.73,392.67,393.54,take profit,7720,1.27,1.08
696,3/26/2021,3/30/2021,91,62.73,393.54,394.64,take profit,7720,1.27,0.81
697,3/30/2021,4/1/2021,117,100.73,394.64,399.82,take profit,7720,1.27,1.3
698,4/1/2021,4/5/2021,89,67.73,399.82,406.38,take profit,7860,1.27,0.86
699,4/5/2021,4/8/2021,92,72.73,406.38,408.24,take profit,8000,1.27,0.91
700,4/8/2021,4/12/2021,87,67.73,408.24,411.71,take profit,8000,1.27,0.85
701,4/12/2021,4/15/2021,75,61.73,411.71,416.04,take profit,8100,1.27,0.76
702,4/15/2021,4/21/2021,88,72.73,416.04,416.01,take profit,8160,1.27,0.89
703,4/21/2021,4/23/2021,88,55.73,416.01,417.27,take profit,8180,1.27,0.68
704,4/23/2021,4/27/2021,94,51.73,417.27,417.92,take profit,8220,1.27,0.63
705,4/27/2021,4/29/2021,110,63.73,417.92,420.18,take profit,8220,1.27,0.78
706,4/29/2021,5/6/2021,96,76.73,420.18,417.71,take profit,8250,1.27,0.93
707,5/6/2021,5/7/2021,131,90.73,417.71,422.36,take profit,8180,1.27,1.11
708,5/7/2021,5/11/2021,81,-268.27,422.36,413.92,stop loss,8300,1.27,-3.23
709,5/11/2021,5/12/2021,167,-240.27,413.92,406.46,reached minimum exit VIX,8060,1.27,-2.98
710,5/13/2021,5/14/2021,185,108.73,412.21,416.74,take profit,8020,1.27,1.36
711,5/14/2021,5/20/2021,126,114.73,416.74,415.77,take profit,8140,1.27,1.41
712,5/20/2021,5/24/2021,154,125.73,415.77,419.74,take profit,8120,1.27,1.55
713,5/24/2021,5/27/2021,101,68.73,419.74,419.46,take profit,8260,1.27,0.83
714,5/27/2021,6/1/2021,90,52.73,419.46,419.71,take profit,8250,1.27,0.64
715,6/1/2021,6/4/2021,95,79.73,419.71,422.67,take profit,8240,1.27,0.97
716,6/4/2021,6/10/2021,61,53.73,422.67,423.26,take profit,8320,1.27,0.65
717,6/10/2021,6/17/2021,105,79.73,423.26,422.68,take profit,8300,1.27,0.96
718,6/17/2021,6/22/2021,151,115.73,422.68,423.45,take profit,8320,1.27,1.39
719,6/22/2021,6/24/2021,76,48.73,423.45,425.2,take profit,8280,1.27,0.59
720,6/24/2021,6/28/2021,78,52.73,425.2,427.24,take profit,8350,1.27,0.63
721,6/28/2021,6/30/2021,64,35.73,427.24,428.42,take profit,8420,1.27,0.42
722,6/30/2021,7/2/2021,68,55.73,428.42,433.71,take profit,8480,1.27,0.66
723,7/2/2021,7/7/2021,61,37.73,433.71,434.57,take profit,8580,1.27,0.44
724,7/7/2021,7/12/2021,72,58.73,434.57,436.95,take profit,8540,1.27,0.69
725,7/12/2021,7/19/2021,91,-729.27,436.95,422.8,stop loss,8620,1.27,-8.46
726,7/19/2021,7/20/2021,178,153.73,422.8,431.82,take profit,8240,1.27,1.87
727,7/20/2021,7/21/2021,138,79.73,431.82,433.96,take profit,8440,1.27,0.94
728,7/21/2021,7/23/2021,94,78.73,433.96,440.04,take profit,8520,1.27,0.92
729,7/23/2021,7/28/2021,89,48.73,440.04,439.64,take profit,8680,1.27,0.56
730,7/28/2021,8/3/2021,82,76.73,439.64,440.7,take profit,8640,1.27,0.89
731,8/3/2021,8/6/2021,97,75.73,440.7,442.15,take profit,8660,1.27,0.87
732,8/6/2021,8/11/2021,71,56.73,442.15,443.49,take profit,8720,1.27,0.65
733,8/11/2021,8/13/2021,68,40.73,443.49,445.68,take profit,8760,1.27,0.46
734,8/13/2021,8/20/2021,72,68.73,445.68,443.6,take profit,8820,1.27,0.78
735,8/20/2021,8/23/2021,120,88.73,443.6,447.6,take profit,8740,1.27,1.02
736,8/23/2021,8/25/2021,80,48.73,447.6,449.35,take profit,8820,1.27,0.55
737,8/25/2021,8/30/2021,83,70.73,449.35,452.49,take profit,8880,1.27,0.8
738,8/30/2021,9/3/2021,60,47.73,452.49,453.23,take profit,8920,1.27,0.54
739,9/3/2021,9/10/2021,63,-199.14,453.23,445.44,exercised,8960,6.14,-2.22
740,9/13/2021,9/15/2021,158,117.73,445.79,448.32,take profit,8720,1.27,1.35
741,9/15/2021,9/20/2021,168,-930.27,448.32,432.26,stop loss,8860,1.27,-10.5
742,9/21/2021,9/22/2021,193,114.73,434.92,438.4,take profit,8440,1.27,1.36
743,9/22/2021,9/23/2021,150,100.73,438.4,443.55,take profit,8580,1.27,1.17
744,9/23/2021,9/27/2021,107,69.73,443.55,443.07,take profit,8680,1.27,0.8
745,9/27/2021,9/28/2021,84,-332.27,443.07,434.35,stop loss,8680,1.27,-3.83
746,9/28/2021,10/1/2021,203,144.73,434.35,434.42,take profit,8440,1.27,1.71
747,10/1/2021,10/5/2021,140,72.73,434.42,434.29,take profit,8480,1.27,0.86
748,10/5/2021,10/7/2021,162,106.73,434.29,438.65,take profit,8460,1.27,1.26
749,10/7/2021,10/13/2021,154,95.73,438.65,434.8,take profit,8560,1.27,1.12
750,10/13/2021,10/14/2021,131,95.73,434.8,441.99,take profit,8520,1.27,1.12
751,10/14/2021,10/15/2021,133,80.73,441.99,445.64,take profit,8680,1.27,0.93
752,10/15/2021,10/18/2021,85,43.73,445.64,447.27,take profit,8760,1.27,0.5
753,10/18/2021,10/19/2021,80,42.73,447.27,450.04,take profit,8800,1.27,0.49
754,10/19/2021,10/21/2021,99,64.73,450.04,453.05,take profit,8860,1.27,0.73
755,10/21/2021,10/25/2021,86,54.73,453.05,455.3,take profit,8920,1.27,0.61
756,10/25/2021,10/28/2021,85,55.73,455.3,457.21,take profit,9000,1.27,0.62
757,10/28/2021,11/1/2021,116,74.73,457.21,459.7,take profit,8980,1.27,0.83
758,11/1/2021,11/3/2021,109,86.73,459.7,464.81,take profit,9060,1.27,0.96
759,11/3/2021,11/5/2021,90,60.73,464.81,468.69,take profit,9160,1.27,0.66
760,11/5/2021,11/12/2021,91,88.73,468.69,467.18,take profit,9240,1.27,0.96
761,11/12/2021,11/16/2021,98,71.73,467.18,469.75,take profit,9220,1.27,0.78
762,11/16/2021,11/22/2021,99,71.73,469.75,470.125,take profit,9260,1.27,0.77
763,11/22/2021,11/26/2021,73,-329.27,470.125,460.452,stop loss,9260,1.27,-3.56
764,11/29/2021,11/30/2021,145,-260.27,465.32,457.32,reached minimum exit VIX,9100,1.27,-2.86
765,12/7/2021,12/8/2021,184,111.73,467.01,469.41,take profit,9100,1.27,1.23
766,12/8/2021,12/13/2021,120,64.73,469.41,468.23,take profit,9200,1.27,0.7
767,12/13/2021,12/20/2021,156,-252.14,468.23,454.98,exercised,9180,6.14,-2.75
768,12/21/2021,12/22/2021,154,128.73,461.48,466.885,take profit,9020,1.27,1.43
769,12/22/2021,12/23/2021,112,85.73,466.885,471.94,take profit,9200,1.27,0.93
770,12/23/2021,12/27/2021,104,76.73,471.94,476.6,take profit,9280,1.27,0.83
771,12/27/2021,12/29/2021,84,58.73,476.6,478.11,take profit,9380,1.27,0.63
772,12/29/2021,1/3/2022,71,39.73,478.11,477.25,take profit,9420,1.27,0.42
773,1/3/2022,1/6/2022,78,-281.27,477.25,468.195,stop loss,9400,1.27,-2.99
774,1/6/2022,1/11/2022,160,109.73,468.195,469.09,take profit,9140,1.27,1.2
775,1/11/2022,1/12/2022,123,70.73,469.09,471.295,take profit,9200,1.27,0.77
776,1/12/2022,1/18/2022,124,-704.27,471.295,455.96,stop loss,9280,1.27,-7.59
777,1/18/2022,1/20/2022,202,-71.27,455.96,448.89,reached minimum exit VIX,8840,1.27,-0.81
778,1/31/2022,2/1/2022,179,117.73,448.27,453.02,take profit,8700,1.27,1.35
779,2/1/2022,2/2/2022,169,91.73,453.02,457.6,take profit,8800,1.27,1.04
780,2/2/2022,2/9/2022,164,161.73,457.6,456.81,take profit,8960,1.27,1.81
781,2/9/2022,2/11/2022,135,-696.27,456.81,440.61,stop loss,8920,1.27,-7.81
782,2/16/2022,2/17/2022,166,-307.27,447.25,438.485,reached minimum exit VIX,8740,1.27,-3.52
783,3/18/2022,3/22/2022,173,133.73,444.4,449.8,take profit,8660,1.27,1.54
784,3/22/2022,3/25/2022,185,142.73,449.8,451.09,take profit,8760,1.27,1.63
785,3/25/2022,3/28/2022,138,93.73,451.09,454.82,take profit,8820,1.27,1.06
786,3/28/2022,3/29/2022,129,88.73,454.82,461.62,take profit,8920,1.27,0.99
787,3/29/2022,4/6/2022,139,-415.14,461.62,446.52,exercised,9040,6.14,-4.59
788,4/7/2022,4/13/2022,167,85.73,450.2,443.928,take profit,8820,1.27,0.97
789,4/13/2022,4/19/2022,121,111.73,443.928,444.628,take profit,8700,1.27,1.28
790,4/19/2022,4/22/2022,156,-598.27,444.628,428.6,stop loss,8680,1.27,-6.89
791,6/2/2022,6/6/2022,178,-12.27,416.19,411.69,reached minimum exit VIX,8080,1.27,-0.15
792,6/7/2022,6/9/2022,179,-375.27,415.67,403.29,reached minimum exit VIX,8060,1.27,-4.66
793,7/8/2022,7/11/2022,150,-100.27,389.28,383.87,reached minimum exit VIX,7580,1.27,-1.32
794,7/15/2022,7/18/2022,142,-38.27,384.35,381.14,reached minimum exit VIX,7500,1.27,-0.51
795,7/19/2022,7/21/2022,191,138.73,392.51,397.73,take profit,7600,1.27,1.83
796,7/21/2022,7/27/2022,183,147.73,397.73,402.14,take profit,7720,1.27,1.91
797,7/27/2022,7/28/2022,157,94.73,402.14,405.675,take profit,7840,1.27,1.21
798,7/28/2022,7/29/2022,146,107.73,405.675,412.725,take profit,7900,1.27,1.36
799,7/29/2022,8/3/2022,126,90.73,412.725,415.42,take profit,8080,1.27,1.12
800,8/3/2022,8/9/2022,130,67.73,415.42,411.01,take profit,8100,1.27,0.84
801,8/9/2022,8/10/2022,157,128.73,411.01,419.88,take profit,8020,1.27,1.61
802,8/10/2022,8/12/2022,121,102.73,419.88,426.46,take profit,8240,1.27,1.25
803,8/12/2022,8/15/2022,101,54.73,426.46,429.02,take profit,8360,1.27,0.65
804,8/15/2022,8/18/2022,108,57.73,429.02,428.15,take profit,8420,1.27,0.69
805,8/18/2022,8/22/2022,134,-643.27,428.15,412.74,stop loss,8380,1.27,-7.68
806,8/22/2022,8/24/2022,136,83.73,412.74,414.27,take profit,8040,1.27,1.04
807,8/24/2022,8/26/2022,134,-200.27,414.27,405.84,reached minimum exit VIX,8080,1.27,-2.48
808,9/7/2022,9/9/2022,162,138.73,398,407.17,take profit,7740,1.27,1.79
809,9/9/2022,9/13/2022,174,-635.27,407.17,392.45,stop loss,7940,1.27,-8
810,11/4/2022,11/7/2022,165,96.73,375.89,380.028,take profit,7280,1.27,1.33
811,11/7/2022,11/8/2022,175,54.73,380.028,383.25,reached minimum exit VIX,7380,1.27,0.74
812,11/10/2022,11/11/2022,166,100.73,393.91,399,take profit,7640,1.27,1.32
813,11/11/2022,11/18/2022,149,146.73,399,396.26,take profit,7780,1.27,1.89
814,11/18/2022,11/22/2022,107,92.73,396.26,399.78,take profit,7780,1.27,1.19
815,11/22/2022,11/23/2022,76,49.73,399.78,401.93,take profit,7840,1.27,0.63
816,11/23/2022,11/30/2022,79,76.73,401.93,406.01,take profit,7880,1.27,0.97
817,11/30/2022,12/1/2022,137,70.73,406.01,408,take profit,7960,1.27,0.89
818,12/1/2022,12/6/2022,112,-543.27,408,393.76,stop loss,8000,1.27,-6.79
819,12/6/2022,12/12/2022,172,120.73,393.76,398.13,take profit,7660,1.27,1.58
820,12/13/2022,12/19/2022,192,-973.27,402.59,379.38,stop loss,7820,1.27,-12.45
821,12/19/2022,12/21/2022,115,100.73,379.38,385.81,take profit,7420,1.27,1.36
822,12/21/2022,12/28/2022,87,-153.14,385.81,376.66,exercised,7580,6.14,-2.02
823,12/29/2022,1/4/2023,98,73.73,383.67,381.39,take profit,7520,1.27,0.98
824,1/4/2023,1/6/2023,121,108.73,381.39,388.9,take profit,7460,1.27,1.46
825,1/6/2023,1/11/2023,151,111.73,388.9,394.47,take profit,7580,1.27,1.47
826,1/11/2023,1/12/2023,157,123.73,394.47,396.22,take profit,7680,1.27,1.61
827,1/12/2023,1/13/2023,109,66.73,396.22,398.55,take profit,7780,1.27,0.86
828,1/13/2023,1/20/2023,95,91.73,398.55,394.93,take profit,7840,1.27,1.17
829,1/20/2023,1/23/2023,111,73.73,394.93,399.97,take profit,7760,1.27,0.95
830,1/23/2023,1/26/2023,114,95.73,399.97,403.58,take profit,7860,1.27,1.22
831,1/26/2023,1/27/2023,129,71.73,403.58,406.81,take profit,7880,1.27,0.91
832,1/27/2023,2/1/2023,138,118.73,406.81,412.62,take profit,7940,1.27,1.5
833,2/1/2023,2/7/2023,128,121.73,412.62,415.01,take profit,8080,1.27,1.51
834,2/7/2023,2/14/2023,140,137.73,415.01,413.44,take profit,8120,1.27,1.7
835,2/14/2023,2/21/2023,94,-415.27,413.44,399.91,stop loss,8100,1.27,-5.13
836,2/21/2023,2/23/2023,145,98.73,399.91,400.95,take profit,7820,1.27,1.26
837,2/23/2023,3/2/2023,114,109.73,400.95,398.11,take profit,7860,1.27,1.4
838,3/2/2023,3/3/2023,107,79.73,398.11,403.85,take profit,7800,1.27,1.02
839,3/3/2023,3/9/2023,121,-416.27,403.85,391.63,stop loss,7920,1.27,-5.26
840,3/9/2023,3/13/2023,170,-71.27,391.63,386.78,reached minimum exit VIX,7600,1.27,-0.94
841,3/14/2023,3/15/2023,175,-49.27,389.62,387.81,reached minimum exit VIX,7580,1.27,-0.65
842,3/16/2023,3/17/2023,199,-136.27,396.1,390.08,reached minimum exit VIX,7680,1.27,-1.77
843,3/20/2023,3/21/2023,167,111.73,393.3,399.22,take profit,7620,1.27,1.47
844,3/21/2023,3/27/2023,153,144.73,399.22,397.04,take profit,7760,1.27,1.87
845,3/27/2023,3/29/2023,119,91.73,397.04,401.25,take profit,7760,1.27,1.18
846,3/29/2023,3/31/2023,113,96.73,401.25,408.13,take profit,7860,1.27,1.23
847,3/31/2023,4/3/2023,86,65.73,408.13,410.98,take profit,8020,1.27,0.82
848,4/3/2023,4/10/2023,90,86.73,410.98,408.93,take profit,8080,1.27,1.07
849,4/10/2023,4/13/2023,117,103.73,408.93,413.74,take profit,8040,1.27,1.29
850,4/13/2023,4/17/2023,80,51.73,413.74,413.15,take profit,8120,1.27,0.64
851,4/17/2023,4/21/2023,59,43.73,413.15,411.56,take profit,8120,1.27,0.54
852,4/21/2023,4/27/2023,95,76.73,411.56,412.28,take profit,8100,1.27,0.95
853,4/27/2023,4/28/2023,113,65.73,412.28,415.05,take profit,8080,1.27,0.81
854,4/28/2023,5/5/2023,105,102.73,415.05,412.75,take profit,8140,1.27,1.26
855,5/5/2023,5/10/2023,100,81.73,412.75,413.31,take profit,8100,1.27,1.01
856,5/10/2023,5/15/2023,92,61.73,413.31,412.49,take profit,8140,1.27,0.76
857,5/15/2023,5/17/2023,83,48.73,412.49,415.1,take profit,8120,1.27,0.6
858,5/17/2023,5/18/2023,99,58.73,415.1,419.06,take profit,8180,1.27,0.72
859,5/18/2023,5/25/2023,96,91.73,419.06,415.55,take profit,8260,1.27,1.11
860,5/25/2023,5/26/2023,104,53.73,415.55,420.37,take profit,8140,1.27,0.66
861,5/26/2023,5/30/2023,105,68.73,420.37,420.39,take profit,8220,1.27,0.84
862,5/30/2023,6/1/2023,99,68.73,420.39,421.32,take profit,8260,1.27,0.83
863,6/1/2023,6/2/2023,78,63.73,421.32,428.1,take profit,8300,1.27,0.77
864,6/2/2023,6/8/2023,75,65.73,428.1,429.14,take profit,8460,1.27,0.78
865,6/8/2023,6/12/2023,76,44.73,429.14,433.43,take profit,8440,1.27,0.53
866,6/12/2023,6/13/2023,122,62.73,433.43,436.25,take profit,8520,1.27,0.74
867,6/13/2023,6/15/2023,116,97.73,436.25,443.02,take profit,8600,1.27,1.14
868,6/15/2023,6/22/2023,140,-15.14,443.02,436.51,exercised,8760,6.14,-0.17
869,6/23/2023,6/27/2023,59,38.73,433.7,436.64,take profit,8560,1.27,0.45
870,6/27/2023,6/29/2023,70,35.73,436.64,437.22,take profit,8620,1.27,0.41
871,6/29/2023,6/30/2023,62,49.73,437.22,443.82,take profit,8640,1.27,0.58
872,6/30/2023,7/7/2023,61,50.73,443.82,439.55,take profit,8780,1.27,0.58
873,7/7/2023,7/11/2023,63,33.73,439.55,442,take profit,8660,1.27,0.39
874,7/11/2023,7/12/2023,91,71.73,442,446.1,take profit,8720,1.27,0.82
875,7/12/2023,7/13/2023,52,28.73,446.1,450.31,take profit,8800,1.27,0.33
876,7/13/2023,7/17/2023,74,49.73,450.31,451.28,take profit,8900,1.27,0.56
877,7/17/2023,7/18/2023,62,35.73,451.28,454.47,take profit,8920,1.27,0.4
878,7/18/2023,7/24/2023,54,43.73,454.47,454.06,take profit,8960,1.27,0.49
879,7/24/2023,7/26/2023,89,61.73,454.06,455.18,take profit,8960,1.27,0.69
880,7/26/2023,7/28/2023,61,40.73,455.18,456.45,take profit,8980,1.27,0.45
881,7/28/2023,8/3/2023,69,-209.27,456.45,449.19,stop loss,9020,1.27,-2.32
882,8/3/2023,8/7/2023,90,57.73,449.19,449.93,take profit,8820,1.27,0.65
883,8/7/2023,8/14/2023,93,90.73,449.93,447.5,take profit,8860,1.27,1.02
884,8/14/2023,8/17/2023,108,-517.27,447.5,436.02,stop loss,8840,1.27,-5.85
885,8/17/2023,8/21/2023,103,85.73,436.02,439.82,take profit,8540,1.27,1
886,8/21/2023,8/23/2023,102,70.73,439.82,443.24,take profit,8640,1.27,0.82
887,8/23/2023,8/28/2023,125,94.73,443.24,442.63,take profit,8740,1.27,1.08
888,8/28/2023,8/29/2023,88,62.73,442.63,449.37,take profit,8720,1.27,0.72
889,8/29/2023,8/30/2023,76,39.73,449.37,450.77,take profit,8860,1.27,0.45
890,8/30/2023,9/1/2023,57,41.73,450.77,450.77,take profit,8880,1.27,0.47
891,9/1/2023,9/8/2023,61,6.86,450.77,445.52,exercised,8920,6.14,0.08
892,9/11/2023,9/14/2023,92,72.73,448.33,450.49,take profit,8840,1.27,0.82
893,9/14/2023,9/20/2023,132,-551.27,450.49,439.13,stop loss,8920,1.27,-6.18
894,9/20/2023,9/26/2023,95,-636.27,439.13,425.7,stop loss,8660,1.27,-7.35
895,9/26/2023,9/28/2023,140,91.73,425.7,428.36,take profit,8340,1.27,1.1
896,9/28/2023,10/4/2023,118,88.73,428.36,424.93,take profit,8400,1.27,1.06
897,10/4/2023,10/6/2023,118,99.73,424.93,430.44,take profit,8340,1.27,1.2
898,10/6/2023,10/10/2023,117,81.73,430.44,434.88,take profit,8460,1.27,0.97
899,10/10/2023,10/16/2023,110,100.73,434.88,436.26,take profit,8540,1.27,1.18
900,10/16/2023,10/19/2023,98,-314.27,436.26,425.87,stop loss,8560,1.27,-3.67
901,10/19/2023,10/24/2023,152,117.73,425.87,424.13,take profit,8320,1.27,1.42
902,10/24/2023,10/26/2023,127,-407.27,424.13,412.44,stop loss,8320,1.27,-4.9
903,10/26/2023,10/30/2023,144,113.73,412.44,416.06,take profit,8060,1.27,1.41
904,10/30/2023,11/1/2023,127,109.73,416.06,423.06,take profit,8140,1.27,1.35
905,11/1/2023,11/2/2023,107,83.73,423.06,430.57,take profit,8300,1.27,1.01
906,11/2/2023,11/3/2023,109,75.73,430.57,435.23,take profit,8480,1.27,0.89
907,11/3/2023,11/7/2023,75,56.73,435.23,437.55,take profit,8550,1.27,0.66
908,11/7/2023,11/10/2023,86,70.73,437.55,440.49,take profit,8620,1.27,0.82
909,11/10/2023,11/14/2023,84,71.73,440.49,449.48,take profit,8680,1.27,0.83
910,11/14/2023,11/17/2023,93,74.73,449.48,450.4,take profit,8880,1.27,0.84
911,11/17/2023,11/20/2023,52,38.73,450.4,454.81,take profit,8900,1.27,0.44
912,11/20/2023,11/22/2023,56,32.73,454.81,455.19,take profit,9000,1.27,0.36
913,11/22/2023,11/27/2023,63,40.73,455.19,455.05,take profit,9020,1.27,0.45
914,11/27/2023,12/1/2023,55,50.73,455.05,458.78,take profit,9000,1.27,0.56
915,12/1/2023,12/7/2023,72,52.73,458.78,458.17,take profit,9060,1.27,0.58
916,12/7/2023,12/8/2023,96,55.73,458.17,460.52,take profit,9020,1.27,0.62
917,12/8/2023,12/12/2023,101,80.73,460.52,463.82,take profit,9060,1.27,0.89
918,12/12/2023,12/13/2023,96,70.73,463.82,469.75,take profit,9160,1.27,0.77
919,12/13/2023,12/15/2023,131,80.73,469.75,469.11,take profit,9300,1.27,0.87
920,12/15/2023,12/18/2023,64,42.73,469.11,472.35,take profit,9280,1.27,0.46
921,12/18/2023,12/19/2023,46,25.73,472.35,474.24,take profit,9320,1.27,0.28
922,12/19/2023,12/20/2023,41,-129.27,474.24,469.57,stop loss,9380,1.27,-1.38
923,12/20/2023,12/21/2023,80,42.73,469.57,472.2,take profit,9300,1.27,0.46
924,12/21/2023,12/26/2023,64,55.73,472.2,475.9,take profit,9320,1.27,0.6
925,12/26/2023,12/28/2023,69,49.73,475.9,477.17,take profit,9420,1.27,0.53
926,12/28/2023,1/3/2024,48,-177.27,477.17,469.05,stop loss,9420,1.27,-1.88
927,1/3/2024,1/8/2024,74,66.73,469.05,473.94,take profit,9260,1.27,0.72
928,1/8/2024,1/10/2024,88,55.73,473.94,476.02,take profit,9360,1.27,0.6
929,1/10/2024,1/12/2024,64,39.73,476.02,476.5,take profit,9400,1.27,0.42
930,1/12/2024,1/18/2024,80,53.73,476.5,476.31,take profit,9440,1.27,0.57
931,1/18/2024,1/19/2024,81,61.73,476.31,482.1,take profit,9400,1.27,0.66
932,1/19/2024,1/22/2024,62,34.73,482.1,483.75,take profit,9500,1.27,0.37
933,1/22/2024,1/24/2024,70,48.73,483.75,486.19,take profit,9560,1.27,0.51
934,1/24/2024,1/29/2024,83,70.73,486.19,490.45,take profit,9600,1.27,0.74
935,1/29/2024,2/2/2024,88,81.73,490.45,494.94,take profit,9660,1.27,0.85
936,2/2/2024,2/7/2024,64,56.73,494.94,498.12,take profit,9740,1.27,0.58
937,2/7/2024,2/9/2024,78,48.73,498.12,500.78,take profit,9840,1.27,0.5
938,2/9/2024,2/13/2024,88,-269.27,500.78,492.81,stop loss,9900,1.27,-2.72
939,2/13/2024,2/14/2024,105,84.73,492.81,498.38,take profit,9720,1.27,0.87
940,2/14/2024,2/15/2024,98,52.73,498.38,501.3,take profit,9860,1.27,0.53
941,2/15/2024,2/22/2024,87,84.73,501.3,507.75,take profit,9900,1.27,0.86
942,2/22/2024,2/27/2024,92,60.73,507.75,506.72,take profit,10020,1.27,0.61
943,2/27/2024,2/29/2024,70,43.73,506.72,508.6,take profit,10000,1.27,0.44
944,2/29/2024,3/1/2024,80,53.73,508.6,512.89,take profit,10040,1.27,0.54
945,3/1/2024,3/7/2024,94,82.73,512.89,515.34,take profit,10140,1.27,0.82
946,3/7/2024,3/12/2024,105,87.73,515.34,516.78,take profit,10140,1.27,0.87
947,3/12/2024,3/18/2024,123,80.73,516.78,513.85,take profit,10200,1.27,0.79
948,3/18/2024,3/20/2024,126,104.73,513.85,519.75,take profit,10140,1.27,1.03
949,3/20/2024,3/21/2024,103,63.73,519.75,522.72,take profit,10280,1.27,0.62
950,3/21/2024,3/27/2024,89,77.73,522.72,522.33,take profit,10340,1.27,0.75
951,3/27/2024,4/1/2024,60,33.73,522.33,522.11,take profit,10340,1.27,0.33
952,4/1/2024,4/4/2024,85,-353.27,522.11,513.73,stop loss,10320,1.27,-3.42
953,4/4/2024,4/5/2024,170,104.73,513.73,518.38,take profit,10100,1.27,1.04
954,4/5/2024,4/11/2024,151,137.73,518.38,519.17,take profit,10200,1.27,1.35
955,4/11/2024,4/15/2024,119,-633.27,519.17,504.51,stop loss,10220,1.27,-6.2
956,4/15/2024,4/22/2024,151,148.73,504.51,499.76,take profit,9880,1.27,1.51
957,4/22/2024,4/23/2024,110,76.73,499.76,505.47,take profit,9820,1.27,0.78
958,4/23/2024,4/26/2024,108,95.73,505.47,508.81,take profit,9940,1.27,0.96
959,4/26/2024,5/3/2024,116,113.73,508.81,511.5,take profit,10000,1.27,1.14
960,5/3/2024,5/6/2024,89,64.73,511.5,515.43,take profit,10100,1.27,0.64
961,5/6/2024,5/8/2024,78,56.73,515.43,517.41,take profit,10180,1.27,0.56
962,5/8/2024,5/10/2024,112,81.73,517.41,520.87,take profit,10220,1.27,0.8
963,5/10/2024,5/14/2024,91,51.73,520.87,523.51,take profit,10280,1.27,0.5
964,5/14/2024,5/15/2024,88,72.73,523.51,529.36,take profit,10320,1.27,0.7
965,5/15/2024,5/20/2024,96,59.73,529.36,529.85,take profit,10480,1.27,0.57
966,5/20/2024,5/24/2024,90,77.73,529.85,529.05,take profit,10480,1.27,0.74
967,5/24/2024,5/31/2024,63,61.86,529.05,527.37,expired,10480,1.14,0.59
968,6/3/2024,6/5/2024,95,83.73,526.18,533.68,take profit,10380,1.27,0.81
969,6/5/2024,6/7/2024,119,70.73,533.68,534.08,take profit,10500,1.27,0.67
970,6/7/2024,6/11/2024,119,65.73,534.08,536.2,take profit,10540,1.27,0.62
971,6/11/2024,6/12/2024,115,89.73,536.2,540.65,take profit,10580,1.27,0.85
972,6/12/2024,6/13/2024,98,56.73,540.65,542.76,take profit,10700,1.27,0.53
973,6/13/2024,6/17/2024,59,43.73,542.76,547.8,take profit,10740,1.27,0.41
974,6/17/2024,6/21/2024,112,70.73,547.8,544.47,take profit,10840,1.27,0.65
975,6/21/2024,6/26/2024,83,62.73,544.47,544.76,take profit,10760,1.27,0.58
976,6/26/2024,7/1/2024,77,60.73,544.76,544.67,take profit,10780,1.27,0.56
977,7/1/2024,7/2/2024,76,50.73,544.67,548.12,take profit,10800,1.27,0.47
978,7/2/2024,7/5/2024,72,63.73,548.12,554.82,take profit,10860,1.27,0.59
979,7/5/2024,7/9/2024,92,47.73,554.82,555.72,take profit,10980,1.27,0.43
980,7/9/2024,7/10/2024,72,39.73,555.72,560.41,take profit,10980,1.27,0.36
981,7/10/2024,7/12/2024,93,47.73,560.41,560.61,take profit,11080,1.27,0.43
982,7/12/2024,7/16/2024,65,45.73,560.61,564.2,take profit,11060,1.27,0.41
983,7/16/2024,7/18/2024,78,-453.27,564.2,552.69,stop loss,11140,1.27,-4.07
984,7/18/2024,7/22/2024,101,81.73,552.69,554.99,take profit,10860,1.27,0.75
985,7/22/2024,7/24/2024,110,-582.27,554.99,542.07,stop loss,10960,1.27,-5.31
986,7/24/2024,7/26/2024,141,82.73,542.07,544.28,take profit,10620,1.27,0.78
987,7/26/2024,7/31/2024,168,151.73,544.28,552,take profit,10680,1.27,1.42
988,7/31/2024,8/2/2024,149,-1013.27,552,531.82,stop loss,10840,1.27,-9.35
989,8/2/2024,8/5/2024,177,-702.27,531.82,515.42,stop loss,10340,1.27,-6.79
990,8/8/2024,8/9/2024,213,125.73,530.16,532.88,take profit,10300,1.27,1.22
991,8/9/2024,8/13/2024,179,145.73,532.88,541.45,take profit,10400,1.27,1.4
992,8/13/2024,8/14/2024,166,105.73,541.45,543.52,take profit,10600,1.27,1
993,8/14/2024,8/15/2024,126,99.73,543.52,552.78,take profit,10680,1.27,0.93
994,8/15/2024,8/19/2024,116,100.73,552.78,558.16,take profit,10900,1.27,0.92
995,8/19/2024,8/23/2024,112,104.73,558.16,561.06,take profit,11020,1.27,0.95
996,8/23/2024,8/27/2024,121,62.73,561.06,561.6,take profit,11060,1.27,0.57
997,8/27/2024,8/30/2024,115,97.73,561.6,561.67,take profit,11100,1.27,0.88
998,8/30/2024,9/3/2024,109,-489.27,561.67,550.55,stop loss,11080,1.27,-4.42
999,9/3/2024,9/9/2024,177,132.73,550.55,545.53,take profit,10800,1.27,1.23
1000,9/9/2024,9/11/2024,154,128.73,545.53,552.63,take profit,10680,1.27,1.21
1001,9/11/2024,9/12/2024,173,117.73,552.63,558.92,take profit,10840,1.27,1.09
1002,9/12/2024,9/16/2024,150,94.73,558.92,562.67,take profit,10980,1.27,0.86
1003,9/16/2024,9/19/2024,165,146.73,562.67,571.32,take profit,11040,1.27,1.33
1004,9/19/2024,9/23/2024,155,92.73,571.32,569.3,take profit,11260,1.27,0.82
1005,9/23/2024,9/26/2024,110,79.73,569.3,572.09,take profit,11240,1.27,0.71
1006,9/26/2024,10/3/2024,117,107.73,572.09,566.73,take profit,11300,1.27,0.95
1007,10/3/2024,10/4/2024,164,116.73,566.73,572.39,take profit,11060,1.27,1.06
1008,10/4/2024,10/8/2024,150,77.73,572.39,573.4,take profit,11240,1.27,0.69
1009,10/8/2024,10/10/2024,155,105.73,573.4,575.65,take profit,11260,1.27,0.94
1010,10/10/2024,10/11/2024,130,80.73,575.65,580.13,take profit,11320,1.27,0.71
1011,10/11/2024,10/14/2024,104,63.73,580.13,584.6,take profit,11400,1.27,0.56
1012,10/14/2024,10/17/2024,111,60.73,584.6,582.5,take profit,11520,1.27,0.53
1013,10/17/2024,10/18/2024,81,41.73,582.5,584.19,take profit,11460,1.27,0.36
1014,10/18/2024,10/25/2024,98,92.73,584.19,579.35,take profit,11540,1.27,0.8
1015,10/25/2024,10/28/2024,146,74.73,579.35,581.39,take profit,11360,1.27,0.66
1016,10/28/2024,11/4/2024,150,-75.14,581.39,569.81,exercised,11440,6.14,-0.66
1017,11/5/2024,11/6/2024,245,224.73,575.4,591.28,take profit,11200,1.27,2.01
1018,11/6/2024,11/7/2024,150,99.73,591.28,596.08,take profit,11640,1.27,0.86
1019,11/7/2024,11/11/2024,122,82.73,596.08,598.2,take profit,11760,1.27,0.7
1020,11/11/2024,11/13/2024,91,55.73,598.2,598.14,take profit,11780,1.27,0.47
1021,11/13/2024,11/15/2024,114,-586.27,598.14,584.91,stop loss,11820,1.27,-4.96
1022,11/15/2024,11/18/2024,139,86.73,584.91,588.1,take profit,11500,1.27,0.75
1023,11/18/2024,11/21/2024,127,101.73,588.1,594.23,take profit,11580,1.27,0.88
1024,11/21/2024,11/22/2024,146,74.73,594.23,594.97,take profit,11720,1.27,0.64
1025,11/22/2024,11/25/2024,94,62.73,594.97,597.01,take profit,11760,1.27,0.53
1026,11/25/2024,11/26/2024,86,54.73,597.01,600.76,take profit,11820,1.27,0.46
1027,11/26/2024,11/29/2024,74,55.73,600.76,603.17,take profit,11880,1.27,0.47
1028,11/29/2024,12/3/2024,108,64.73,603.17,603.66,take profit,11920,1.27,0.54
1029,12/3/2024,12/4/2024,92,52.73,603.66,607.64,take profit,11940,1.27,0.44
1030,12/4/2024,12/6/2024,89,59.73,607.64,607.69,take profit,12000,1.27,0.5
1031,12/6/2024,12/11/2024,75,56.73,607.69,607.82,take profit,12020,1.27,0.47
1032,12/11/2024,12/18/2024,80,-1195.27,607.82,587.27,stop loss,12000,1.27,-9.96
1033,12/19/2024,12/20/2024,200,150.73,587.9,591.74,take profit,11480,1.27,1.31
1034,12/20/2024,12/23/2024,147,93.73,591.74,594.64,take profit,11620,1.27,0.81
1035,12/23/2024,12/24/2024,128,96.73,594.64,599.74,take profit,11700,1.27,0.83
1036,12/24/2024,12/31/2024,101,-506.27,599.74,585.96,stop loss,11840,1.27,-4.28
1037,12/31/2024,1/3/2025,132,118.73,585.96,591.55,take profit,11540,1.27,1.03
1038,1/3/2025,1/6/2025,136,72.73,591.55,594.45,take profit,11660,1.27,0.62
1039,1/6/2025,1/10/2025,131,-487.27,594.45,580.13,stop loss,11720,1.27,-4.16
1040,1/10/2025,1/15/2025,167,159.73,580.13,593.61,take profit,11360,1.27,1.41
1041,1/15/2025,1/17/2025,116,81.73,593.61,598.26,take profit,11700,1.27,0.7
1042,1/17/2025,1/21/2025,130,106.73,598.26,602.45,take profit,11780,1.27,0.91
1043,1/21/2025,1/22/2025,113,71.73,602.45,606.98,take profit,11900,1.27,0.6
1044,1/22/2025,1/24/2025,120,61.73,606.98,607.13,take profit,11980,1.27,0.52
1045,1/24/2025,1/31/2025,114,106.73,607.13,601.5,take profit,11960,1.27,0.89
1046,1/31/2025,2/5/2025,181,148.73,601.5,603.14,take profit,11820,1.27,1.26
1047,2/5/2025,2/10/2025,150,121.73,603.14,604.78,take profit,11860,1.27,1.03
1048,2/10/2025,2/13/2025,136,104.73,604.78,609.24,take profit,11920,1.27,0.88
1049,2/13/2025,2/18/2025,116,87.73,609.24,609.84,take profit,12020,1.27,0.73
1050,2/18/2025,2/25/2025,122,-766.27,609.84,594.1,stop loss,12060,1.27,-6.35
1051,2/25/2025,3/4/2025,184,-336.14,594.1,576.86,exercised,11640,6.14,-2.89
1052,3/5/2025,3/10/2025,230,-856.27,583.23,559.57,stop loss,11360,1.27,-7.54
1053,3/12/2025,3/14/2025,228,155.73,559.49,561.82,take profit,10860,1.27,1.43
1054,3/14/2025,3/17/2025,224,157.73,561.82,568.94,take profit,10940,1.27,1.44
1055,3/17/2025,3/20/2025,217,110.73,568.94,566.07,take profit,11120,1.27,1
1056,3/20/2025,3/24/2025,210,194.73,566.07,574.26,take profit,11080,1.27,1.76
1057,3/24/2025,3/28/2025,160,-675.27,574.26,555.41,stop loss,11260,1.27,-6
1058,3/28/2025,4/1/2025,214,119.73,555.41,560.29,take profit,10820,1.27,1.11
1059,4/1/2025,4/3/2025,225,-781.27,560.29,538.62,stop loss,10900,1.27,-7.17
1060,4/30/2025,5/1/2025,246,169.73,551.85,561.53,take profit,10720,1.27,1.58
1061,5/1/2025,5/2/2025,240,146.73,561.53,566.8,take profit,10940,1.27,1.34
1062,5/2/2025,5/8/2025,201,183.73,566.8,566.98,take profit,11060,1.27,1.66
1063,5/8/2025,5/12/2025,203,191.73,566.98,580.97,take profit,11060,1.27,1.73
1064,5/12/2025,5/13/2025,164,109.73,580.97,588.43,take profit,11400,1.27,0.96
1065,5/13/2025,5/16/2025,155,136.73,588.43,593.37,take profit,11560,1.27,1.18
1066,5/16/2025,5/23/2025,152,-343.14,593.37,579.11,exercised,11680,6.14,-2.94
1067,5/27/2025,5/30/2025,160,92.73,590.25,589.64,take profit,11580,1.27,0.8
1068,5/30/2025,6/3/2025,169,140.73,589.64,595.95,take profit,11560,1.27,1.22
1069,6/3/2025,6/6/2025,145,119.73,595.95,599.52,take profit,11700,1.27,1.02
1070,6/6/2025,6/10/2025,144,84.73,599.52,602.13,take profit,11800,1.27,0.72
1071,6/10/2025,6/16/2025,144,120.73,602.13,602.44,take profit,11860,1.27,1.02
1072,6/16/2025,6/23/2025,173,169.73,602.44,599.09,take profit,11820,1.27,1.44
1073,6/23/2025,6/24/2025,168,115.73,599.09,607.49,take profit,11760,1.27,0.98
1074,6/24/2025,6/26/2025,155,118.73,607.49,611.41,take profit,11960,1.27,0.99
1075,6/26/2025,6/30/2025,133,110.73,611.41,617.92,take profit,12060,1.27,0.92
1076,6/30/2025,7/2/2025,126,75.73,617.92,619.85,take profit,12200,1.27,0.62
1077,7/2/2025,7/3/2025,126,77.73,619.85,0,take profit,12220,1.27,0.64
1078,7/8/2025,7/9/2025,142,85.73,620.32,623.69,take profit,12240,1.27,0.7
1079,7/9/2025,7/14/2025,111,72.73,623.69,624.38,take profit,12300,1.27,0.59
1080,7/14/2025,7/17/2025,126,98.73,624.38,627.86,take profit,12300,1.27,0.8
1081,7/17/2025,7/21/2025,125,75.73,627.86,628.61,take profit,12380,1.27,0.61
1082,7/21/2025,7/23/2025,108,78.73,628.61,633.08,take profit,12400,1.27,0.63
1083,7/23/2025,7/25/2025,135,90.73,633.08,637.33,take profit,12500,1.27,0.73
1084,7/25/2025,8/1/2025,148,-458.27,637.33,621.89,stop loss,12560,1.27,-3.65
1085,8/1/2025,8/4/2025,199,165.73,621.89,630.37,take profit,12140,1.27,1.37
1086,8/4/2025,8/6/2025,148,94.73,630.37,632.88,take profit,12400,1.27,0.76
1087,8/6/2025,8/8/2025,154,101.73,632.88,636.39,take profit,12460,1.27,0.82
1088,8/8/2025,8/12/2025,145,110.73,636.39,642.18,take profit,12540,1.27,0.88
1089,8/12/2025,8/14/2025,122,71.73,642.18,645.28,take profit,12680,1.27,0.57
1090,8/14/2025,8/21/2025,116,-35.14,645.28,635.55,exercised,12740,6.14,-0.28
1091,8/22/2025,8/27/2025,146,87.73,644.99,647.17,take profit,12740,1.27,0.69
1092,8/27/2025,8/28/2025,134,90.73,647.17,649.16,take profit,12780,1.27,0.71
1093,8/28/2025,9/2/2025,106,-344.27,649.16,639.61,stop loss,12860,1.27,-2.68
1094,9/2/2025,9/3/2025,204,109.73,639.61,642.31,take profit,12600,1.27,0.87
1095,9/3/2025,9/4/2025,118,77.73,642.31,648.13,take profit,12600,1.27,0.62
1096,9/4/2025,9/8/2025,149,82.73,648.13,648.35,take profit,12780,1.27,0.65
1097,9/8/2025,9/10/2025,129,66.73,648.35,651.73,take profit,12800,1.27,0.52
1098,9/10/2025,9/11/2025,147,92.73,651.73,657.93,take profit,12840,1.27,0.72
1099,9/11/2025,9/17/2025,130,89.73,657.93,659.02,take profit,12980,1.27,0.69
1100,9/17/2025,9/18/2025,177,95.73,659.02,662.36,take profit,12960,1.27,0.74
1101,9/18/2025,9/22/2025,164,125.73,662.36,666.97,take profit,13060,1.27,0.96
1102,9/22/2025,9/29/2025,123,120.73,666.97,663.33,take profit,13160,1.27,0.92
1103,9/29/2025,10/1/2025,121,74.73,663.33,668.76,take profit,13080,1.27,0.57
1104,10/1/2025,10/7/2025,134,115.73,668.76,669.26,take profit,13200,1.27,0.88
1105,10/7/2025,10/8/2025,131,67.73,669.26,672.75,take profit,13160,1.27,0.51
1106,10/8/2025,10/10/2025,136,-851.27,672.75,656,stop loss,13280,1.27,-6.41
1107,10/10/2025,10/13/2025,269,210.73,656,663.16,take profit,12800,1.27,1.65
1108,10/13/2025,10/17/2025,189,138.73,663.16,664.5,take profit,13040,1.27,1.06
1109,10/20/2025,10/23/2025,172,98.73,671.72,672.21,take profit,13220,1.27,0.75
1110,10/23/2025,10/24/2025,192,99.73,672.21,677.95,take profit,13200,1.27,0.76
1111,10/24/2025,10/27/2025,193,122.73,677.95,684.63,take profit,13340,1.27,0.92
1112,10/27/2025,10/31/2025,160,126.73,684.63,684.02,take profit,13480,1.27,0.94
1113,10/31/2025,11/7/2025,162,2.86,684.02,670.97,exercised,13450,6.14,0.02
1114,11/10/2025,11/12/2025,165,95.73,681.62,683.57,take profit,13420,1.27,0.71
1115,11/12/2025,11/17/2025,163,-742.27,683.57,664.22,stop loss,13440,1.27,-5.52
1116,11/17/2025,11/21/2025,303,216.73,664.22,660.35,take profit,13000,1.27,1.67
1117,11/24/2025,11/25/2025,190,136.73,669.38,675.17,take profit,13160,1.27,1.04
1118,11/25/2025,11/26/2025,152,106.73,675.17,681.3,take profit,13320,1.27,0.8
1119,11/26/2025,12/1/2025,134,68.73,681.3,680.73,take profit,13460,1.27,0.51
1120,12/1/2025,12/3/2025,147,112.73,680.73,684.5,take profit,13400,1.27,0.84
1121,12/3/2025,12/5/2025,142,82.73,684.5,685.61,take profit,13480,1.27,0.61
1122,12/5/2025,12/10/2025,145,114.73,685.61,688.52,take profit,13500,1.27,0.85
1123,12/10/2025,12/17/2025,160,-506.14,688.52,671.4,exercised,13560,6.14,-3.73
1124,12/18/2025,12/19/2025,186,122.73,678.38,679.98,take profit,13360,1.27,0.92
1125,12/19/2025,12/22/2025,105,83.73,679.98,684.8,take profit,13440,1.27,0.62
1126,12/22/2025,12/23/2025,96,53.73,684.8,687.91,take profit,13580,1.27,0.4
1127,12/23/2025,12/24/2025,97,51.73,687.91,690.43,take profit,13640,1.27,0.38
1128,12/24/2025,12/30/2025,102,61.73,690.43,687.59,take profit,13680,1.27,0.45
1129,12/30/2025,1/5/2026,77,66.73,687.59,687.97,take profit,13580,1.27,0.49
1130,1/5/2026,1/6/2026,134,72.73,687.97,692.05,take profit,13600,1.27,0.53
1131,1/6/2026,1/9/2026,128,103.73,692.05,694.83,take profit,13660,1.27,0.76
1132,1/9/2026,1/15/2026,130,88.73,694.83,691.75,take profit,13720,1.27,0.65
1133,1/15/2026,1/20/2026,140,-589.27,691.75,677.07,stop loss,13660,1.27,-4.31
1134,1/20/2026,1/21/2026,234,189.73,677.07,685.38,take profit,13260,1.27,1.43
1135,1/21/2026,1/22/2026,181,101.73,685.38,688.47,take profit,13480,1.27,0.75
1136,1/22/2026,1/26/2026,156,109.73,688.47,693.7,take profit,13540,1.27,0.81
1137,1/26/2026,1/30/2026,150,88.73,693.7,691.45,take profit,13640,1.27,0.65
1138,1/30/2026,2/2/2026,197,133.73,691.45,695.57,take profit,13560,1.27,0.99
1139,2/2/2026,2/5/2026,151,-758.27,695.57,677.05,stop loss,13680,1.27,-5.54
1140,2/5/2026,2/6/2026,277,246.73,677.05,690.87,take profit,13200,1.27,1.87
1141,2/6/2026,2/9/2026,191,110.73,690.87,694.73,take profit,13560,1.27,0.82
1142,2/9/2026,2/17/2026,179,125.73,694.73,682.79,take profit,13660,1.27,0.92
1143,2/17/2026,2/20/2026,224,181.73,682.79,689.03,take profit,13360,1.27,1.36
1144,2/20/2026,2/25/2026,214,174.73,689.03,693.17,take profit,13480,1.27,1.3
1145,2/25/2026,3/3/2026,194,-100.27,693.17,680.57,reached minimum exit VIX,13600,1.27,-0.74
1146,3/4/2026,3/9/2026,248,-40.27,686.57,677.93,reached minimum exit VIX,13420,1.27,-0.3
1147,3/10/2026,3/11/2026,310,58.73,677.51,675.95,reached minimum exit VIX,13180,1.27,0.45
1148,3/17/2026,3/19/2026,267,-183.27,671.05,660.02,reached minimum exit VIX,13080,1.27,-1.4
1149,4/1/2026,4/2/2026,268,25.73,656.02,654.25,reached minimum exit VIX,12780,1.27,0.2
1150,4/6/2026,4/8/2026,269,229.73,658.48,675,take profit,12820,1.27,1.79
1151,4/8/2026,4/9/2026,234,149.73,675,680.28,take profit,13200,1.27,1.13
1152,4/9/2026,4/13/2026,189,124.73,680.28,684,take profit,13340,1.27,0.94
1153,4/13/2026,4/14/2026,201,124.73,684,694.04,take profit,13420,1.27,0.93
1154,4/14/2026,4/16/2026,196,145.73,694.04,701.5,take profit,13620,1.27,1.07
1155,4/16/2026,4/17/2026,183,117.73,701.5,710.01,take profit,13800,1.27,0.85
1156,4/17/2026,4/22/2026,168,117.73,710.01,710.46,take profit,13960,1.27,0.84
1157,4/22/2026,4/24/2026,209,111.73,710.46,713.74,take profit,13940,1.27,0.8
1158,4/24/2026,4/30/2026,210,203.73,713.74,719.24,take profit,13980,1.27,1.46
1159,4/30/2026,5/5/2026,169,145.73,719.24,724.75,take profit,14160,1.27,1.03
1160,5/5/2026,5/6/2026,156,94.73,724.75,733.9,take profit,14240,1.27,0.67
1161,5/6/2026,5/8/2026,172,112.73,733.9,737.39,take profit,14440,1.27,0.78
1162,5/8/2026,5/13/2026,168,139.73,737.39,743.44,take profit,14520,1.27,0.96
1163,5/13/2026,5/20/2026,171,167.73,743.44,741.22,take profit,14620,1.27,1.15
1164,5/20/2026,5/22/2026,180,119.73,741.22,745.39,take profit,14580,1.27,0.82
1165,5/22/2026,5/26/2026,167,121.73,745.39,750.58,take profit,14660,1.27,0.83
1166,5/26/2026,5/28/2026,174,128.73,750.58,754.84,take profit,14800,1.27,0.87
1167,5/28/2026,6/1/2026,142,92.73,754.84,758.89,take profit,14900,1.27,0.62
1168,6/1/2026,6/4/2026,160,101.73,758.89,757.73,take profit,14980,1.27,0.68
1169,6/4/2026,6/5/2026,131,-986.27,757.73,738.14,stop loss,14940,1.27,-6.6
1170,6/5/2026,6/8/2026,259,141.73,738.14,739.62,take profit,14420,1.27,0.98
1171,6/8/2026,6/12/2026,216,171.73,739.62,740.63,take profit,14500,1.27,1.18
1172,6/12/2026,6/15/2026,229,186.73,740.63,754.37,take profit,14520,1.27,1.29
1173,6/15/2026,6/22/2026,190,179.73,754.37,743.27,take profit,14840,1.27,1.21
1174,6/22/2026,6/29/2026,208,204.73,743.27,740.65,take profit,14600,1.27,1.4
1175,6/29/2026,6/30/2026,168,111.73,740.65,746.94,take profit,14580,1.27,0.77
1176,6/30/2026,7/6/2026,145,138.73,746.94,752.13,take profit,14720,1.27,0.94
1177,7/6/2026,7/10/2026,128,114.73,752.13,755.07,take profit,14860,1.27,0.77
1178,7/10/2026,7/15/2026,125,75.73,755.07,753.97,take profit,14900,1.27,0.51
1179,7/15/2026,7/22/2026,137,127.73,753.97,747.81,take profit,14880,1.27,0.86
1180,7/22/2026,7/29/2026,183,-477.14,747.81,729.46,exercised,14720,6.14,-3.24
